2620408635,3,1,0,0,Pass,Successful,42,50.9,50.9,35.8,49.3,True,False
2620408737,4,1,0,4,Pass,Unsuccessful,42,34.1,67.9,85.1,25.5,True,False
2620408785,3,1,0,8,Pass,Successful,36,14.0,72.2,26.5,64.4,False,False
2620408809,4,1,0,9,Pass,Unsuccessful,36,26.5,64.4,31.2,45.3,True,False
2620408931,6,1,0,11,Pass,Unsuccessful,42,70.8,60.3,71.4,51.0,True,False
2620408975,7,1,0,14,Pass,Unsuccessful,36,27.4,54.9,64.2,4.9,True,False
2620409099,8,1,0,18,Pass,Successful,42,36.9,91.5,15.0,63.6,True,False
2620409169,9,1,0,23,Pass,Successful,42,12.4,54.2,33.2,4.3,True,True
2620409195,10,1,0,26,Pass,Successful,42,33.2,4.3,36.6,12.8,True,False
2620409243,11,1,0,27,Pass,Successful,42,36.6,12.8,39.2,4.6,True,False
2620409271,12,1,0,30,Pass,Unsuccessful,42,39.1,4.3,52.7,16.7,True,True
2620409309,8,1,0,31,Pass,Unsuccessful,36,37.4,84.9,48.7,100.0,False,False
2620409507,14,1,0,39,Pass,Successful,42,50.9,0.0,57.2,10.4,True,False
2620409535,15,1,0,40,Pass,Successful,42,57.2,10.4,56.6,4.9,True,False
2620409557,16,1,0,41,Pass,Unsuccessful,42,56.6,4.9,62.2,13.4,True,True
2620409637,11,1,0,43,Pass,Successful,36,35.5,85.3,57.4,83.6,True,False
2620409681,13,1,0,45,Pass,Successful,36,57.4,83.6,53.5,89.6,True,False
2620409701,14,1,0,46,Pass,Successful,36,53.8,85.5,57.0,71.7,True,False
2620409707,15,1,0,46,Pass,Unsuccessful,36,56.1,70.7,60.4,76.5,True,False
2620409855,17,1,0,48,Pass,Unsuccessful,42,38.2,24.6,79.6,76.1,True,False
2620409925,16,1,0,53,Pass,Successful,36,19.4,26.4,28.8,19.6,True,False
2620410095,17,1,0,58,Pass,Successful,36,30.4,26.0,28.1,47.6,True,False
2620410147,18,1,1,1,Pass,Successful,36,30.4,49.1,43.3,44.0,True,False
2620410221,19,1,1,3,Pass,Successful,36,43.3,44.0,35.5,46.9,True,False
2620410261,20,1,1,6,Pass,Successful,36,36.0,44.7,46.4,42.0,True,False
2620410285,21,1,1,7,Pass,Successful,36,47.3,45.6,56.4,72.4,True,False
2620410349,22,1,1,9,Pass,Successful,36,56.4,72.4,40.8,82.4,True,False
2620410357,23,1,1,12,Pass,Successful,36,40.8,82.4,44.3,66.7,True,False
2620410407,24,1,1,13,Pass,Successful,36,44.3,66.7,34.1,73.3,True,False
2620410427,25,1,1,14,Pass,Successful,36,34.1,73.3,34.9,86.0,True,False
2620410541,26,1,1,15,Pass,Successful,36,34.9,86.0,13.3,52.2,True,False
2620410635,27,1,1,20,Pass,Unsuccessful,36,13.3,42.7,55.5,32.0,True,True
2620410759,19,1,1,24,Pass,Successful,42,41.5,66.3,14.6,55.1,True,False
2620410823,20,1,1,29,Pass,Successful,42,14.6,55.1,22.5,26.2,True,False
2620411015,21,1,1,31,Pass,Successful,42,22.5,25.0,7.1,48.8,True,False
2620411097,22,1,1,42,Pass,Unsuccessful,42,14.1,46.3,27.1,100.0,True,False
2620411229,29,1,1,48,Pass,Successful,36,77.5,0.0,77.2,9.7,True,False
2620411281,30,1,1,50,Pass,Successful,36,74.9,7.8,70.8,2.0,True,False
2620411349,31,1,1,51,Pass,Successful,36,69.8,2.9,63.1,20.4,True,False
2620411409,32,1,1,54,Pass,Successful,36,63.1,20.4,67.9,4.9,True,False
2620411469,33,1,1,56,Pass,Successful,36,66.8,6.9,60.6,19.3,True,False
2620411499,34,1,1,59,Pass,Successful,36,61.4,15.3,66.2,25.3,True,False
2620411539,35,1,2,1,Pass,Successful,36,66.2,25.3,67.1,15.3,True,False
2620411657,36,1,2,2,Pass,Successful,36,67.1,15.3,45.3,31.3,True,True
2620411711,37,1,2,6,Pass,Successful,36,47.4,40.0,56.3,30.4,True,False
2620411853,38,1,2,8,Pass,Successful,36,56.3,30.4,41.6,26.4,True,False
2620411887,39,1,2,13,Pass,Successful,36,31.3,22.7,36.3,39.6,True,False
2620411915,40,1,2,14,Pass,Successful,36,36.3,39.6,41.9,26.2,True,False
2620411967,41,1,2,15,Pass,Unsuccessful,36,41.9,26.2,50.2,41.6,True,False
2620412037,43,1,2,19,Pass,Successful,36,31.5,35.8,34.0,42.4,True,False
2620412045,44,1,2,19,Pass,Unsuccessful,36,34.0,42.4,37.5,42.4,True,False
2620412069,25,1,2,17,Pass,Unsuccessful,42,52.7,57.0,68.4,53.6,True,False
2620412303,29,1,2,28,Pass,Successful,42,27.3,49.4,35.1,62.9,True,False
2620412337,30,1,2,29,Pass,Successful,42,35.4,63.7,22.4,64.2,True,False
2620412363,31,1,2,31,Pass,Successful,42,23.7,64.6,37.4,72.4,True,False
2620412427,32,1,2,32,Pass,Successful,42,37.2,71.8,57.9,68.1,True,False
2620412563,33,1,2,36,Pass,Successful,42,64.0,66.6,86.6,30.3,True,True
2620412607,34,1,2,39,Pass,Unsuccessful,42,87.9,31.0,96.3,51.1,True,True
2620412663,47,1,2,43,Pass,Successful,36,8.4,54.2,15.5,55.9,True,False
2620412787,48,1,2,47,Pass,Successful,36,37.2,60.4,38.9,73.1,True,False
2620412797,49,1,2,50,Pass,Unsuccessful,36,34.7,67.1,39.1,60.0,True,False
2620412897,37,1,2,52,Pass,Successful,42,65.5,42.1,63.6,49.1,True,False
2620412905,38,1,2,53,Pass,Unsuccessful,42,63.6,49.1,66.1,37.7,True,False
2620412953,52,1,2,56,Pass,Successful,36,35.4,67.3,36.1,84.9,True,False
2620413001,53,1,2,57,Pass,Successful,36,36.1,84.9,41.1,72.2,True,False
2620413137,41,1,3,2,Pass,Successful,42,66.5,13.7,59.8,6.5,True,False
2620413171,42,1,3,4,Pass,Successful,42,59.8,9.8,53.3,27.7,True,False
2620413185,43,1,3,6,Pass,Unsuccessful,42,53.3,27.7,52.9,27.7,True,False
2620413247,57,1,3,9,Pass,Successful,36,41.2,67.8,48.1,78.2,True,False
2620413347,46,1,3,12,Pass,Successful,42,68.0,53.6,60.8,54.8,True,False
2620413371,47,1,3,13,Pass,Unsuccessful,42,63.0,54.5,73.2,60.8,True,False
2620413479,61,1,3,17,Pass,Successful,36,13.8,16.7,24.2,10.4,True,False
2620413539,62,1,3,20,Pass,Successful,36,21.9,16.9,4.5,30.9,True,False
2620413597,63,1,3,24,Pass,Unsuccessful,36,4.5,30.9,52.9,36.4,True,False
2620413721,49,1,3,31,Pass,Successful,42,56.0,65.2,44.3,41.0,True,False
2620413773,50,1,3,33,Pass,Successful,42,42.6,40.4,49.3,34.7,True,False
2620413837,51,1,3,35,Pass,Successful,42,47.1,30.0,55.1,8.5,True,False
2620413923,52,1,3,37,Pass,Successful,42,54.5,9.8,46.6,23.7,True,False
2620413971,53,1,3,41,Pass,Successful,42,45.8,31.8,36.4,53.7,True,False
2620414059,54,1,3,44,Pass,Successful,42,38.6,41.8,30.1,30.3,True,False
2620414159,55,1,3,47,Pass,Successful,42,28.8,30.1,20.2,59.9,True,False
2620414247,56,1,3,51,Pass,Successful,42,19.1,49.6,28.5,12.8,True,False
2620414319,57,1,3,55,Pass,Unsuccessful,42,32.2,10.0,58.6,17.3,True,True
2620414355,64,1,3,57,Pass,Successful,36,36.6,87.6,30.7,61.8,False,False
2620414451,66,1,3,59,Pass,Successful,36,30.7,61.8,38.5,67.1,True,False
2620414559,67,1,4,2,Pass,Successful,36,38.5,66.9,43.7,96.9,True,False
2620414649,68,1,4,6,Pass,Successful,36,43.1,95.8,33.5,83.1,True,False
2620414719,69,1,4,10,Pass,Successful,36,31.0,74.0,28.7,57.3,True,False
2620414837,70,1,4,12,Pass,Successful,36,29.9,52.2,34.0,29.6,True,False
2620414957,71,1,4,17,Pass,Successful,36,34.6,26.9,41.9,22.0,True,False
2620415169,72,1,4,23,Pass,Successful,36,39.7,28.0,45.9,9.8,True,False
2620415229,73,1,4,30,Pass,Successful,36,70.2,22.2,78.9,35.6,True,False
2620415361,74,1,4,32,Pass,Successful,36,77.7,43.8,80.8,72.2,True,False
2620415431,75,1,4,36,Pass,Successful,36,81.1,73.1,77.5,70.2,True,False
2620415541,77,1,4,42,Pass,Successful,36,67.4,85.1,73.2,93.8,True,False
2620415589,78,1,4,43,Pass,Successful,36,71.9,89.3,66.4,61.3,True,False
2620415619,79,1,4,46,Pass,Successful,36,66.4,61.3,70.2,52.4,True,False
2620415643,80,1,4,47,Pass,Successful,36,71.9,57.8,66.4,60.4,True,False
2620415711,81,1,4,48,Pass,Successful,36,66.4,60.4,66.8,36.4,True,False
2620415819,82,1,4,50,Pass,Successful,36,66.8,34.7,82.3,12.0,True,False
2620415891,62,1,4,57,Pass,Successful,42,15.2,79.1,11.5,71.4,True,False
2620415911,63,1,4,59,Pass,Unsuccessful,42,11.1,71.4,26.5,66.1,True,False
2620415947,84,1,5,0,Pass,Unsuccessful,36,69.9,33.8,77.0,30.0,False,False
2620415963,64,1,5,1,Pass,Unsuccessful,42,19.8,65.5,34.7,63.7,True,False
2620416003,86,1,5,3,Pass,Successful,36,67.1,33.1,68.8,43.1,True,False
2620416041,87,1,5,4,Pass,Successful,36,68.7,43.8,61.9,35.6,True,False
2620416091,88,1,5,6,Pass,Successful,36,61.9,35.6,52.2,29.3,True,False
2620416165,89,1,5,7,Pass,Successful,36,52.2,29.3,57.1,47.6,True,False
2620416219,90,1,5,10,Pass,Successful,36,57.1,47.6,68.7,41.6,True,False
2620416269,91,1,5,12,Pass,Successful,36,70.7,37.8,74.1,26.2,True,False
2620416413,92,1,5,14,Pass,Successful,36,74.1,26.2,81.9,7.3,True,False
2620416437,93,1,5,18,Pass,Unsuccessful,36,89.8,15.3,86.3,42.9,True,False
2620416527,94,1,5,21,Pass,Successful,36,68.1,22.4,72.4,30.4,True,False
2620416559,95,1,5,23,Pass,Unsuccessful,36,72.4,32.2,92.9,56.0,True,True
2620416743,96,1,5,30,Pass,Successful,36,73.6,65.3,78.8,64.7,True,False
2620416767,97,1,5,30,Pass,Successful,36,78.8,64.7,76.4,55.1,True,False
2620417101,100,1,5,38,Pass,Successful,36,68.7,100.0,51.0,94.6,True,False
2620417119,101,1,5,42,Pass,Successful,36,50.7,90.0,57.8,70.9,True,False
2620417151,102,1,5,44,Pass,Successful,36,57.8,70.9,63.3,80.9,True,False
2620417207,103,1,5,45,Pass,Successful,36,63.9,80.9,66.4,71.1,True,False
2620418425,71,1,6,29,Pass,Successful,42,20.7,39.2,20.9,19.6,True,False
2620418483,72,1,6,31,Pass,Successful,42,23.5,20.1,26.8,5.3,True,False
2620418499,73,1,6,33,Pass,Unsuccessful,42,26.8,4.4,43.3,19.5,True,True
2620418709,74,1,6,41,Pass,Successful,42,41.7,39.5,45.9,87.4,True,False
2620418805,75,1,6,44,Pass,Successful,42,62.2,81.8,56.2,65.4,True,False
2620418811,76,1,6,47,Pass,Unsuccessful,42,62.3,58.8,67.0,57.9,True,False
2620418913,108,1,6,50,Pass,Successful,36,27.6,48.4,31.2,36.2,True,False
2620418943,110,1,6,51,Pass,Successful,36,31.2,36.2,24.8,41.1,True,False
2620418965,111,1,6,52,Pass,Successful,36,24.8,41.1,35.7,29.1,True,True
2620419067,112,1,6,53,Pass,Successful,36,35.7,29.1,28.4,30.9,True,False
2620419145,113,1,6,56,Pass,Successful,36,38.1,26.4,44.5,2.4,True,False
2620419157,114,1,6,57,Pass,Unsuccessful,36,44.5,2.4,61.1,7.1,True,False
2620419189,78,1,6,58,Pass,Successful,42,36.5,92.0,40.2,93.8,True,False
2620419399,80,1,7,2,Pass,Successful,42,35.0,97.2,12.8,53.9,True,True
2620419473,81,1,7,8,Pass,Successful,42,14.5,43.9,20.3,25.9,True,False
2620419651,82,1,7,11,Pass,Successful,42,20.1,27.6,21.6,59.4,True,False
2620419727,83,1,7,16,Pass,Successful,42,26.6,51.6,25.7,18.2,True,False
2620419779,84,1,7,19,Pass,Successful,42,26.7,15.0,31.4,3.1,True,False
2620419897,85,1,7,21,Pass,Successful,42,26.0,7.1,8.4,30.0,True,False
2620419955,86,1,7,26,Pass,Successful,42,12.3,43.6,18.8,88.0,True,False
2620420021,87,1,7,28,Pass,Successful,42,18.8,88.0,32.9,84.5,True,False
2620420075,88,1,7,30,Pass,Successful,42,32.0,86.8,27.1,97.1,True,False
2620420157,89,1,7,32,Pass,Successful,42,25.6,96.9,10.6,82.4,True,False
2620420239,90,1,7,35,Pass,Successful,42,10.5,75.7,3.1,61.1,True,False
2620420363,91,1,7,38,Pass,Successful,42,3.5,52.7,12.1,9.8,True,False
2620420401,92,1,7,44,Pass,Successful,42,29.5,7.1,42.4,26.8,True,True
2620420461,93,1,7,45,Pass,Successful,42,43.1,25.9,43.4,14.0,True,False
2620420551,94,1,7,47,Pass,Successful,42,43.4,14.0,38.1,25.5,True,False
2620421659,119,1,8,31,Pass,Unsuccessful,36,99.5,99.5,94.4,56.9,True,True
2620421763,98,1,8,36,Pass,Unsuccessful,42,24.9,45.2,26.9,26.7,False,False
2620421903,120,1,8,37,Pass,Successful,36,71.2,74.7,76.1,85.1,False,False
2620421925,121,1,8,38,Pass,Unsuccessful,36,78.5,84.5,90.3,46.4,True,True
2620423297,100,1,9,35,Pass,Successful,42,50.2,49.7,35.2,28.9,True,False
2620423315,101,1,9,37,Pass,Successful,42,34.9,28.9,29.8,51.0,True,False
2620423367,102,1,9,39,Pass,Successful,42,29.2,52.7,34.7,93.6,True,False
2620423395,103,1,9,44,Pass,Successful,42,34.7,93.6,21.6,77.5,True,False
2620423529,104,1,9,46,Pass,Successful,42,20.6,76.1,7.2,50.0,True,False
2620423579,105,1,9,52,Pass,Unsuccessful,42,9.6,37.3,47.5,44.9,True,True
2620423609,124,1,9,54,Pass,Successful,36,51.0,57.3,59.1,55.3,False,False
2620423641,125,1,9,55,Pass,Successful,36,58.8,54.9,63.9,70.9,False,False
2620423837,127,1,9,57,Pass,Successful,36,63.9,70.9,75.2,82.2,True,False
2620423925,129,1,10,5,Pass,Successful,36,86.5,67.1,78.8,54.7,True,False
2620424681,132,1,10,37,Pass,Unsuccessful,36,99.5,99.5,95.0,62.4,True,True
2620424837,133,1,10,43,Pass,Successful,36,60.6,48.4,27.9,40.2,True,False
2620424871,134,1,10,46,Pass,Successful,36,27.9,40.2,39.5,14.2,True,False
2620425013,135,1,10,53,Pass,Successful,36,42.8,18.2,45.1,30.7,True,False
2620425137,136,1,10,55,Pass,Successful,36,45.1,29.1,29.8,62.9,True,False
2620425229,137,1,11,0,Pass,Successful,36,30.2,66.0,31.5,48.2,True,False
2620425271,138,1,11,3,Pass,Successful,36,34.1,45.8,37.2,66.0,True,False
2620425309,139,1,11,5,Pass,Successful,36,37.5,67.8,47.9,57.1,True,False
2620425335,140,1,11,6,Pass,Successful,36,48.1,57.1,46.7,42.2,True,False
2620425427,141,1,11,7,Pass,Successful,36,46.7,42.2,36.6,49.3,True,False
2620425471,142,1,11,11,Pass,Successful,36,41.4,36.7,49.0,14.2,True,False
2620425517,143,1,11,13,Pass,Successful,36,51.9,12.2,62.5,3.1,True,False
2620425557,144,1,11,15,Pass,Successful,36,62.5,3.1,56.6,18.9,True,False
2620425597,145,1,11,16,Pass,Successful,36,56.6,19.0,51.1,5.8,True,False
2620425617,146,1,11,18,Pass,Successful,36,51.3,4.4,42.3,16.9,True,False
2620425637,147,1,11,19,Pass,Successful,36,39.5,19.6,43.1,33.1,True,False
2620425669,148,1,11,20,Pass,Successful,36,43.1,33.1,43.1,23.8,True,False
2620425705,149,1,11,21,Pass,Successful,36,43.1,24.0,42.5,66.2,True,False
2620425795,150,1,11,22,Pass,Successful,36,42.5,66.2,34.0,64.2,True,False
2620425833,151,1,11,26,Pass,Successful,36,34.1,75.8,38.6,94.4,True,False
2620425873,152,1,11,27,Pass,Successful,36,38.6,94.4,41.7,83.3,True,False
2620425891,153,1,11,29,Pass,Successful,36,41.7,83.3,37.8,92.9,True,False
2620425943,154,1,11,29,Pass,Successful,36,37.8,92.9,24.7,94.9,True,False
2620425961,155,1,11,31,Pass,Successful,36,24.7,94.9,27.6,80.7,True,False
2620426045,156,1,11,32,Pass,Successful,36,27.6,80.7,7.1,71.3,True,False
2620426083,157,1,11,36,Pass,Successful,36,7.1,71.3,11.6,88.7,True,False
2620426129,158,1,11,38,Pass,Successful,36,12.3,94.9,28.2,93.1,True,False
2620426153,159,1,11,40,Pass,Successful,36,28.2,93.1,36.3,90.2,True,False
2620426213,160,1,11,41,Pass,Unsuccessful,36,36.3,90.2,35.5,72.0,True,False
2620426297,112,1,11,43,Pass,Successful,42,63.1,23.6,53.9,8.3,True,False
2620426403,113,1,11,46,Pass,Successful,42,44.3,10.9,15.0,33.7,True,False
2620426443,114,1,11,50,Pass,Unsuccessful,42,15.0,33.7,45.3,0.0,True,False
2620426613,162,1,11,56,Pass,Successful,36,46.7,100.0,35.6,90.1,True,False
2620426689,163,1,11,59,Pass,Successful,36,36.9,91.3,42.9,89.6,True,False
2620426787,164,1,12,2,Pass,Successful,36,41.4,76.0,36.0,57.3,True,False
2620426867,165,1,12,6,Pass,Successful,36,37.7,60.7,41.6,84.4,True,False
2620426949,166,1,12,11,Pass,Successful,36,41.4,88.4,32.7,68.7,True,False
2620427095,167,1,12,14,Pass,Successful,36,33.6,66.4,32.4,31.8,True,False
2620427107,168,1,12,21,Pass,Successful,36,34.1,31.8,42.9,36.2,True,False
2620427155,169,1,12,22,Pass,Successful,36,43.1,36.2,35.4,28.7,True,False
2620427271,170,1,12,23,Pass,Successful,36,34.9,33.3,7.0,46.9,True,False
2620427345,171,1,12,27,Pass,Unsuccessful,36,7.0,40.9,57.1,21.1,True,False
2620427521,118,1,12,33,Pass,Successful,42,35.7,72.1,29.8,52.4,True,False
2620427551,119,1,12,36,Pass,Successful,42,28.6,48.4,29.4,27.6,True,False
2620427659,120,1,12,38,Pass,Successful,42,29.6,27.4,36.2,41.5,True,False
2620427677,121,1,12,40,Pass,Successful,42,34.2,41.8,28.8,30.4,True,False
2620427723,122,1,12,41,Pass,Successful,42,29.3,26.5,35.0,3.1,True,False
2620427783,123,1,12,45,Pass,Successful,42,35.3,2.8,34.0,24.3,True,False
2620427891,124,1,12,48,Pass,Successful,42,35.8,30.3,39.6,89.1,True,True
2620428017,125,1,12,54,Pass,Successful,42,44.5,89.6,41.7,71.2,True,False
2620428075,126,1,12,56,Pass,Unsuccessful,42,41.9,69.3,85.6,51.8,True,True
2620428175,173,1,12,59,Pass,Successful,36,14.3,47.1,32.7,21.3,True,False
2620428251,174,1,13,2,Pass,Successful,36,33.3,21.3,40.3,24.0,True,False
2620428279,175,1,13,4,Pass,Successful,36,40.0,24.0,46.4,17.3,True,False
2620428335,176,1,13,5,Pass,Successful,36,46.4,17.3,33.2,18.9,True,False
2620428371,177,1,13,8,Pass,Successful,36,33.5,18.2,43.3,5.8,True,False
2620428401,178,1,13,10,Pass,Successful,36,42.2,7.6,33.6,15.3,True,False
2620428489,179,1,13,12,Pass,Successful,36,33.3,16.0,15.4,35.3,True,False
2620428537,180,1,13,15,Pass,Successful,36,15.4,35.3,2.6,48.9,True,False
2620428575,181,1,13,16,Pass,Successful,36,2.6,48.9,16.3,47.8,True,False
2620428619,182,1,13,18,Pass,Successful,36,16.3,47.8,9.0,28.9,True,False
2620428729,183,1,13,20,Pass,Successful,36,8.4,36.2,22.0,32.9,True,False
2620429803,185,1,14,11,Pass,Successful,36,31.9,36.7,31.2,53.6,True,False
2620429873,186,1,14,14,Pass,Successful,36,31.2,55.8,36.3,87.3,True,False
2620429905,187,1,14,17,Pass,Successful,36,36.6,87.6,42.2,96.2,True,False
2620429929,188,1,14,19,Pass,Successful,36,42.2,96.2,38.9,80.2,True,False
2620429995,189,1,14,20,Pass,Successful,36,38.9,80.2,27.3,88.0,True,False
2620430079,190,1,14,23,Pass,Successful,36,26.2,83.8,7.8,66.9,True,False
2620430223,191,1,14,26,Pass,Successful,36,8.2,78.7,44.3,91.1,True,False
2620430461,193,1,14,36,Pass,Successful,36,71.9,86.4,79.1,95.1,True,False
2620430491,194,1,14,40,Pass,Successful,36,77.7,92.7,71.6,82.0,True,False
2620430513,195,1,14,41,Pass,Successful,36,71.6,82.0,65.4,90.0,True,False
2620430583,196,1,14,42,Pass,Successful,36,65.4,90.0,66.8,66.2,True,False
2620430715,197,1,14,45,Pass,Successful,36,68.4,55.6,87.3,7.8,True,False
2620430757,198,1,14,51,Pass,Successful,36,88.2,17.3,80.0,29.1,True,False
2620430771,199,1,14,52,Pass,Unsuccessful,36,78.4,26.6,81.1,32.6,True,False
2620430981,202,1,15,2,Pass,Unsuccessful,36,90.5,4.9,85.3,5.6,True,False
2620431495,134,1,15,22,Pass,Successful,42,14.2,100.0,28.4,97.1,True,False
2620431569,135,1,15,24,Pass,Unsuccessful,42,28.1,97.2,37.3,31.2,True,False
2620431635,205,1,15,28,Pass,Unsuccessful,36,62.0,68.7,79.1,60.7,True,False
2620431751,136,1,15,32,Pass,Successful,42,19.3,36.4,7.2,45.8,True,False
2620431807,137,1,15,34,Pass,Unsuccessful,42,7.2,45.8,34.5,70.6,True,False
2620431873,207,1,15,36,Pass,Successful,36,66.7,28.0,65.3,38.4,True,False
2620431907,208,1,15,38,Pass,Successful,36,65.9,42.0,67.4,63.3,True,False
2620431999,209,1,15,40,Pass,Successful,36,67.4,65.3,53.3,87.3,True,False
2620432063,210,1,15,43,Pass,Successful,36,53.3,87.3,42.8,73.3,True,False
2620432147,211,1,15,46,Pass,Successful,36,42.7,73.4,52.1,76.5,True,False
2620432317,213,1,15,52,Pass,Successful,36,54.6,72.7,49.8,53.8,True,False
2620432491,214,1,15,57,Pass,Successful,36,55.2,38.0,68.1,4.2,True,False
2620432543,215,1,16,3,Pass,Successful,36,73.6,14.0,64.8,23.8,True,False
2620432597,216,1,16,5,Pass,Successful,36,64.8,23.8,70.8,29.3,True,False
2620432619,217,1,16,7,Pass,Successful,36,70.8,29.3,61.4,22.4,True,False
2620432643,218,1,16,8,Pass,Successful,36,61.4,22.4,68.8,7.8,True,False
2620432671,219,1,16,9,Pass,Unsuccessful,36,68.8,7.8,75.3,16.7,True,False
2620432811,141,1,16,15,Pass,Unsuccessful,42,17.4,98.4,20.3,98.3,True,True
2620433011,223,1,16,24,Pass,Successful,36,68.4,5.3,73.6,7.1,True,False
2620433015,143,1,16,21,Pass,Successful,42,17.0,100.0,28.6,97.2,True,False
2620433019,144,1,16,22,Pass,Unsuccessful,42,28.6,97.2,29.9,96.6,False,False
2620433037,224,1,16,24,Pass,Successful,36,74.5,1.1,70.7,18.6,True,False
2620433043,225,1,16,25,Pass,Successful,36,70.2,19.8,72.7,11.8,True,False
2620433075,226,1,16,26,Pass,Successful,36,72.1,16.4,67.9,25.3,True,False
2620433229,227,1,16,27,Pass,Successful,36,67.9,25.3,56.6,28.4,True,False
2620433265,228,1,16,34,Pass,Successful,36,53.5,41.3,61.9,49.8,True,False
2620433287,229,1,16,35,Pass,Successful,36,61.9,49.8,55.8,16.4,True,False
2620433345,230,1,16,37,Pass,Successful,36,55.8,16.4,67.3,15.8,True,False
2620433435,231,1,16,39,Pass,Successful,36,67.3,15.8,88.1,14.4,True,False
2620433449,232,1,16,42,Pass,Unsuccessful,36,92.5,19.3,93.9,43.1,True,False
2620433699,235,1,16,51,Pass,Successful,36,81.2,100.0,70.7,95.1,True,False
2620433783,237,1,16,57,Pass,Successful,36,70.8,88.0,69.1,76.9,True,False
2620433803,238,1,16,58,Pass,Successful,36,69.1,76.9,75.8,66.0,True,False
2620433813,239,1,16,59,Pass,Unsuccessful,36,75.8,66.0,92.2,60.7,True,False
2620434423,152,1,17,24,Pass,Successful,42,13.8,46.9,27.5,34.8,True,False
2620434443,153,1,17,26,Pass,Successful,42,28.8,32.1,46.7,45.2,True,False
2620434463,154,1,17,27,Pass,Unsuccessful,42,46.7,45.2,36.6,63.4,True,False
2620434483,241,1,17,28,Pass,Successful,36,63.7,32.9,60.2,40.4,True,False
2620434501,242,1,17,29,Pass,Successful,36,58.7,45.4,54.8,40.6,True,False
2620434605,156,1,17,33,Pass,Successful,42,44.8,83.2,41.8,96.0,True,False
2620434951,245,1,17,49,Pass,Successful,36,46.9,0.0,52.4,9.9,True,False
2620434981,246,1,17,52,Pass,Successful,36,56.3,13.3,45.7,28.4,True,False
2620435003,247,1,17,54,Pass,Successful,36,45.7,28.4,37.4,31.3,True,False
2620435133,248,1,17,55,Pass,Successful,36,37.4,31.3,41.9,73.1,True,False
2620435159,249,1,18,2,Pass,Successful,36,63.1,84.7,68.4,96.0,True,False
2620435195,250,1,18,3,Pass,Successful,36,78.4,93.1,80.5,81.2,True,False
2620435233,251,1,18,4,Pass,Successful,36,81.3,81.6,79.8,87.6,True,False
2620435295,252,1,18,5,Pass,Successful,36,80.1,87.2,85.3,85.7,True,False
2620435339,253,1,18,9,Pass,Successful,36,88.2,82.0,90.4,68.9,True,False
2620435357,254,1,18,11,Pass,Unsuccessful,36,98.1,68.9,95.2,64.7,True,False
2620435481,161,1,18,14,Pass,Unsuccessful,42,10.6,23.0,46.6,43.3,True,False
2620435541,255,1,18,16,Pass,Unsuccessful,36,54.1,56.7,66.4,63.6,False,False
2620435627,257,1,18,21,Pass,Successful,36,69.8,78.7,67.3,89.1,True,False
2620435663,258,1,18,21,Pass,Successful,36,67.3,89.1,63.7,77.3,True,False
2620435693,259,1,18,23,Pass,Successful,36,63.7,77.3,67.6,81.6,True,False
2620435725,260,1,18,24,Pass,Successful,36,67.6,81.6,52.4,88.9,True,False
2620435769,261,1,18,26,Pass,Successful,36,52.4,88.9,60.0,85.1,True,False
2620435889,262,1,18,28,Pass,Successful,36,57.7,86.4,40.3,54.9,True,False
2620435931,263,1,18,34,Pass,Successful,36,39.4,58.7,35.0,72.2,True,False
2620435961,264,1,18,35,Pass,Successful,36,35.0,72.2,45.9,66.4,True,False
2620436005,265,1,18,36,Pass,Successful,36,42.3,65.1,48.7,76.1,True,False
2620436023,266,1,18,38,Pass,Successful,36,48.6,77.7,32.3,83.5,True,False
2620436097,267,1,18,42,Pass,Successful,36,35.7,81.8,40.5,68.2,True,False
2620436155,268,1,18,43,Pass,Successful,36,40.5,68.2,41.7,94.4,True,False
2620436201,269,1,18,47,Pass,Successful,36,40.8,92.4,40.6,76.9,True,False
2620436275,270,1,18,50,Pass,Successful,36,39.2,73.6,37.8,35.8,True,False
2620436307,271,1,18,54,Pass,Successful,36,37.8,35.8,43.9,39.1,True,False
2620436323,272,1,18,55,Pass,Successful,36,43.9,39.1,38.1,29.1,True,False
2620436363,273,1,18,56,Pass,Successful,36,38.1,29.1,44.3,44.4,True,False
2620436373,274,1,18,58,Pass,Successful,36,44.3,44.4,31.3,55.1,True,False
2620436437,275,1,18,59,Pass,Successful,36,31.3,55.1,45.1,87.1,True,False
2620436453,276,1,19,3,Pass,Unsuccessful,36,45.1,87.1,47.6,79.6,True,False
2620436561,165,1,19,7,Pass,Successful,42,53.7,22.5,56.8,16.4,True,False
2620436595,166,1,19,9,Pass,Successful,42,44.2,17.7,44.6,5.2,True,False
2620436679,167,1,19,10,Pass,Successful,42,45.1,5.8,45.0,17.9,True,False
2620436749,168,1,19,13,Pass,Successful,42,53.7,19.7,56.7,70.6,True,False
2620436769,169,1,19,15,Pass,Successful,42,57.1,67.8,55.3,87.4,True,False
2620436809,170,1,19,19,Pass,Successful,42,54.6,86.6,52.6,71.4,True,False
2620436859,171,1,19,20,Pass,Successful,42,52.9,68.1,42.9,50.4,True,False
2620436879,172,1,19,23,Pass,Successful,42,44.4,44.5,40.5,26.4,True,False
2620436929,173,1,19,24,Pass,Successful,42,41.0,25.3,55.4,5.5,True,False
2620437013,174,1,19,26,Pass,Successful,42,55.5,5.8,67.9,8.8,True,False
2620437041,175,1,19,28,Pass,Successful,42,66.8,7.0,59.8,5.3,True,False
2620437059,176,1,19,30,Pass,Unsuccessful,42,59.8,5.3,65.3,14.0,True,False
2620437069,280,1,19,31,Pass,Unsuccessful,36,31.2,82.2,49.5,89.6,True,False
2620437189,179,1,19,36,Pass,Successful,42,55.0,17.4,38.9,31.3,True,False
2620437255,180,1,19,40,Pass,Successful,42,36.9,34.6,40.2,86.3,True,False
2620437341,181,1,19,42,Pass,Successful,42,36.5,86.0,22.9,64.3,True,False
2620437417,182,1,19,46,Pass,Successful,42,22.9,53.4,25.3,17.7,True,False
2620437491,183,1,19,49,Pass,Unsuccessful,42,26.7,15.3,65.1,25.8,True,True
2620437511,282,1,19,52,Pass,Successful,36,29.3,75.1,32.9,60.9,False,False
2620437633,283,1,19,53,Pass,Unsuccessful,36,32.9,60.9,67.4,83.1,True,False
2620438131,285,1,20,19,Pass,Successful,36,32.4,63.6,33.6,75.6,True,False
2620438157,286,1,20,21,Pass,Successful,36,34.0,70.9,29.0,65.8,True,False
2620438177,287,1,20,23,Pass,Successful,36,29.0,65.8,30.2,73.1,True,False
2620438195,288,1,20,23,Pass,Successful,36,30.2,73.1,35.2,63.8,True,False
2620438247,289,1,20,24,Pass,Successful,36,35.2,63.8,35.8,95.3,True,False
2620438257,290,1,20,26,Pass,Successful,36,35.8,95.3,35.4,84.0,True,False
2620438313,291,1,20,27,Pass,Successful,36,35.4,84.0,58.6,83.1,True,False
2620438449,292,1,20,29,Pass,Successful,36,58.6,83.1,67.7,89.3,True,False
2620438489,293,1,20,33,Pass,Successful,36,69.3,88.2,70.1,72.9,True,False
2620438765,187,1,20,37,Pass,Successful,42,29.9,26.8,21.8,25.2,True,False
2620439409,192,1,21,12,Pass,Successful,42,4.8,60.5,3.3,49.9,True,False
2620439435,193,1,21,16,Pass,Successful,42,3.5,51.0,22.2,59.3,True,False
2620439457,194,1,21,18,Pass,Successful,42,20.1,66.8,19.4,90.5,True,False
2620439491,195,1,21,22,Pass,Successful,42,15.2,86.3,3.4,84.4,True,False
2620439511,196,1,21,25,Pass,Unsuccessful,42,3.7,84.1,38.6,60.2,True,False
2620439559,304,1,21,27,Pass,Successful,36,57.4,33.8,44.0,52.2,False,False
2620439651,306,1,21,30,Pass,Successful,36,41.6,56.0,45.4,78.2,True,False
2620439697,307,1,21,33,Pass,Successful,36,47.3,78.0,35.8,68.0,True,False
2620439733,308,1,21,36,Pass,Successful,36,35.8,68.0,35.7,42.9,True,False
2620439771,309,1,21,38,Pass,Successful,36,35.0,38.2,41.7,17.1,True,False
2620439807,310,1,21,40,Pass,Successful,36,41.7,17.1,54.7,3.6,True,False
2620439819,311,1,21,43,Pass,Successful,36,49.0,3.6,38.0,4.2,True,False
2620439829,312,1,21,43,Pass,Successful,36,38.0,4.2,42.6,13.8,True,False
2620439855,313,1,21,44,Pass,Successful,36,42.6,13.8,48.1,7.8,True,False
2620439885,314,1,21,46,Pass,Unsuccessful,36,48.1,7.8,54.6,21.1,True,False
2620439947,199,1,21,49,Pass,Successful,42,48.9,81.8,50.6,60.0,True,False
2620440335,202,1,22,9,Pass,Successful,42,43.6,47.2,32.3,75.3,True,False
2620440373,203,1,22,10,Pass,Successful,42,31.9,75.4,46.0,78.3,True,False
2620440419,316,1,22,12,Pass,Successful,36,53.3,16.5,59.7,4.4,True,False
2620440505,318,1,22,15,Pass,Successful,36,58.8,4.2,53.6,18.9,True,False
2620440557,319,1,22,18,Pass,Successful,36,54.9,20.7,68.8,52.0,True,False
2620440567,320,1,22,20,Pass,Unsuccessful,36,68.8,52.0,73.8,41.3,True,False
2620440637,206,1,22,23,Pass,Unsuccessful,42,33.0,62.6,60.7,65.2,True,True
2620440669,321,1,22,25,Pass,Successful,36,35.4,33.6,45.0,32.4,False,False
2620440771,323,1,22,28,Pass,Successful,36,42.5,34.0,35.4,63.1,True,False
2620440853,324,1,22,30,Pass,Successful,36,36.3,66.9,46.2,71.6,True,False
2620440911,325,1,22,34,Pass,Successful,36,48.1,72.0,57.5,61.8,True,False
2620441075,328,1,22,43,Pass,Successful,36,46.9,66.0,58.0,83.5,True,False
2620441187,329,1,22,46,Pass,Successful,36,58.8,86.9,51.8,74.2,True,False
2620441213,330,1,22,50,Pass,Successful,36,51.0,76.0,56.1,67.8,True,False
2620441249,331,1,22,54,Pass,Successful,36,54.9,68.7,51.2,84.4,True,False
2620441259,332,1,22,56,Pass,Successful,36,48.2,85.8,51.8,71.1,True,False
2620441279,333,1,22,57,Pass,Successful,36,51.8,71.1,43.9,83.8,True,False
2620441335,334,1,22,58,Pass,Successful,36,43.3,79.3,29.2,66.7,True,False
2620441455,335,1,23,2,Pass,Successful,36,28.5,65.6,37.2,62.7,True,False
2620441467,336,1,23,9,Pass,Successful,36,25.9,73.3,8.7,56.2,True,False
2620441495,337,1,23,10,Pass,Successful,36,8.7,56.2,13.8,32.7,True,False
2620441557,338,1,23,12,Pass,Successful,36,13.8,32.7,26.5,8.7,True,False
2620441611,339,1,23,15,Pass,Successful,36,26.8,8.9,29.0,26.2,True,False
2620441657,340,1,23,19,Pass,Successful,36,32.7,27.8,40.5,26.2,True,False
2620441691,341,1,23,21,Pass,Successful,36,38.9,29.6,47.6,50.0,True,False
2620441821,342,1,23,23,Pass,Successful,36,49.0,51.3,55.5,71.3,True,False
2620441839,343,1,23,28,Pass,Successful,36,61.2,72.2,63.6,46.0,True,False
2620441881,344,1,23,29,Pass,Successful,36,63.6,46.0,63.3,52.2,True,False
2620441927,345,1,23,31,Pass,Successful,36,62.6,48.2,68.8,24.0,True,False
2620441965,346,1,23,34,Pass,Successful,36,68.8,24.0,78.9,5.1,True,False
2620442003,347,1,23,37,Pass,Successful,36,77.2,5.1,63.9,18.7,True,False
2620442029,348,1,23,39,Pass,Successful,36,65.3,20.2,67.4,32.7,True,False
2620442061,349,1,23,40,Pass,Successful,36,68.5,32.7,63.6,21.8,True,False
2620442081,350,1,23,42,Pass,Successful,36,63.6,21.8,55.7,37.1,True,False
2620442117,351,1,23,43,Pass,Successful,36,55.7,37.1,64.6,69.8,True,False
2620442201,352,1,23,46,Pass,Successful,36,63.7,66.9,82.0,19.1,True,True
2620442263,353,1,23,51,Pass,Unsuccessful,36,85.7,13.1,94.4,49.8,True,True
2620442611,212,1,24,8,Pass,Successful,42,7.1,49.9,11.7,33.3,True,False
2620442641,213,1,24,12,Pass,Unsuccessful,42,7.4,49.9,46.4,87.8,True,False
2620442781,355,1,24,19,Pass,Successful,36,43.4,10.9,55.0,22.4,True,False
2620442893,356,1,24,21,Pass,Successful,36,61.1,24.7,73.8,4.9,True,False
2620442903,357,1,24,26,Pass,Successful,36,80.5,8.7,79.4,20.2,True,False
2620442911,358,1,24,27,Pass,Unsuccessful,36,78.1,17.6,82.3,19.0,True,False
2620443031,359,1,24,30,Pass,Successful,36,78.9,3.6,67.9,7.1,True,False
2620443041,360,1,24,33,Pass,Successful,36,64.2,6.0,67.1,13.1,True,False
2620443073,361,1,24,34,Pass,Successful,36,67.1,13.1,75.5,4.7,True,False
2620443165,362,1,24,35,Pass,Successful,36,75.5,4.7,64.5,7.3,True,False
2620443253,363,1,24,40,Pass,Successful,36,57.4,12.2,47.8,27.6,True,False
2620443293,364,1,24,42,Pass,Successful,36,42.9,33.6,54.1,30.0,True,False
2620443397,365,1,24,43,Pass,Successful,36,54.1,30.0,55.5,76.4,True,True
2620443433,366,1,24,50,Pass,Successful,36,62.5,86.2,68.7,97.6,True,False
2620443497,367,1,24,51,Pass,Successful,36,79.9,97.9,77.5,83.3,True,False
2620443585,216,1,24,58,Pass,Successful,42,3.6,21.8,0.7,39.4,True,False
2620443621,217,1,25,0,Pass,Unsuccessful,42,0.8,39.4,30.0,13.2,True,False
2620443649,369,1,25,2,Pass,Successful,36,65.9,90.9,67.4,70.0,False,False
2620443685,371,1,25,3,Pass,Successful,36,67.4,69.8,63.6,76.4,True,False
2620443707,372,1,25,5,Pass,Successful,36,63.6,76.4,60.6,65.8,True,False
2620443751,373,1,25,6,Pass,Successful,36,60.6,65.8,56.0,73.6,True,False
2620443771,374,1,25,9,Pass,Successful,36,60.8,72.7,67.3,60.7,True,False
2620443811,375,1,25,9,Pass,Successful,36,67.3,60.7,71.0,96.7,True,False
2620443819,376,1,25,12,Pass,Successful,36,71.0,96.7,67.9,90.2,False,False
2620443829,377,1,25,13,Pass,Successful,36,67.9,90.2,73.8,82.0,True,False
2620443845,378,1,25,14,Pass,Successful,36,73.8,82.0,66.8,89.8,True,False
2620443871,379,1,25,15,Pass,Successful,36,67.5,91.1,67.5,81.0,True,False
2620443887,380,1,25,16,Pass,Successful,36,67.6,78.7,66.0,89.6,True,False
2620443937,381,1,25,16,Pass,Successful,36,66.0,89.6,52.2,45.3,True,False
2620444087,382,1,25,20,Pass,Successful,36,51.5,40.9,69.5,7.3,True,False
2620444109,383,1,25,26,Pass,Successful,36,80.0,18.2,82.2,32.9,True,False
2620444135,384,1,25,27,Pass,Successful,36,82.2,32.9,86.7,23.1,True,True
2620444173,386,1,25,29,Pass,Successful,36,87.0,23.1,79.2,32.4,False,False
2620444231,388,1,25,33,Pass,Successful,36,74.9,31.8,95.8,69.3,True,True
2620444243,389,1,25,35,Pass,Unsuccessful,36,95.8,69.3,93.0,55.8,False,False
2620444887,391,1,26,8,Pass,Unsuccessful,36,99.6,99.3,94.0,50.3,True,True
2620445445,224,1,26,49,Pass,Successful,42,14.7,47.2,17.5,26.8,True,False
2620445477,225,1,26,51,Pass,Successful,42,17.1,27.1,7.7,40.9,True,False
2620445535,226,1,26,53,Pass,Successful,42,7.6,42.8,13.5,83.0,True,True
2620445609,227,1,26,58,Pass,Successful,42,14.1,83.8,29.1,84.8,True,False
2620445629,228,1,27,3,Pass,Successful,42,36.6,91.2,27.8,67.3,True,False
2620445655,229,1,27,4,Pass,Successful,42,27.8,67.3,35.7,71.1,True,False
2620445717,230,1,27,7,Pass,Successful,42,35.6,68.8,31.6,37.1,True,False
2620445769,231,1,27,10,Pass,Successful,42,46.5,29.7,54.5,10.3,True,False
2620445801,232,1,27,13,Pass,Successful,42,56.3,7.0,66.8,4.9,True,False
2620445831,233,1,27,14,Pass,Successful,42,67.0,5.2,68.7,25.0,True,False
2620445865,234,1,27,17,Pass,Successful,42,69.4,26.5,86.4,24.6,True,False
2620446427,237,1,27,54,Pass,Successful,42,99.5,0.5,89.6,47.9,True,True
2620446481,397,1,28,0,Pass,Successful,36,13.5,44.0,31.6,18.7,True,False
2620446523,398,1,28,3,Pass,Successful,36,32.9,18.7,22.3,31.6,True,False
2620446579,399,1,28,5,Pass,Successful,36,22.3,31.6,26.7,68.2,True,False
2620446645,400,1,28,11,Pass,Successful,36,32.6,75.1,32.7,91.3,True,False
2620446691,401,1,28,13,Pass,Successful,36,34.7,90.4,44.2,96.4,True,False
2620446757,402,1,28,15,Pass,Successful,36,44.2,96.4,38.3,90.9,True,False
2620446809,403,1,28,18,Pass,Successful,36,38.3,90.9,45.1,95.1,True,False
2620446847,404,1,28,21,Pass,Successful,36,45.3,95.1,37.2,92.0,True,False
2620446903,405,1,28,22,Pass,Successful,36,37.1,88.7,25.3,64.7,True,False
2620446953,406,1,28,27,Pass,Successful,36,27.0,60.7,31.6,28.2,True,False
2620446973,407,1,28,30,Pass,Successful,36,31.6,28.2,36.6,35.3,True,False
2620446997,408,1,28,31,Pass,Successful,36,36.0,33.3,42.2,26.0,True,False
2620447047,409,1,28,33,Pass,Successful,36,42.2,26.0,35.2,5.6,True,True
2620447075,410,1,28,35,Pass,Successful,36,35.2,5.3,47.6,8.0,True,False
2620447103,411,1,28,36,Pass,Successful,36,45.9,8.5,48.6,2.5,True,False
2620447133,412,1,28,38,Pass,Successful,36,49.1,2.1,45.3,9.7,True,False
2620447215,413,1,28,39,Pass,Successful,36,46.2,7.6,69.3,6.9,True,True
2620447225,414,1,28,45,Pass,Unsuccessful,36,94.7,23.8,91.8,47.3,True,False
2620447313,240,1,28,46,Pass,Successful,42,8.4,58.2,13.2,75.9,True,False
2620447333,241,1,28,47,Pass,Successful,42,13.2,75.9,23.6,70.0,True,False
2620447357,242,1,28,48,Pass,Successful,42,23.6,70.0,13.0,83.2,True,False
2620447371,243,1,28,50,Pass,Successful,42,12.2,84.5,41.6,65.2,True,True
2620447389,244,1,28,53,Pass,Unsuccessful,42,42.3,64.2,62.9,59.7,False,False
2620447395,415,1,28,56,Pass,Successful,36,40.5,38.4,46.6,56.9,True,False
2620447507,417,1,29,1,Pass,Unsuccessful,36,46.0,63.8,87.9,28.9,True,True
2620447643,246,1,29,7,Pass,Successful,42,12.3,49.7,15.8,28.0,True,False
2620447659,247,1,29,12,Pass,Successful,42,16.4,27.4,22.2,9.2,True,False
2620447681,248,1,29,13,Pass,Successful,42,21.9,12.5,29.1,18.8,True,False
2620447691,249,1,29,15,Pass,Successful,42,29.3,18.8,25.0,25.6,True,False
2620447705,250,1,29,16,Pass,Successful,42,25.1,25.8,33.5,27.7,True,False
2620447733,251,1,29,17,Pass,Successful,42,34.1,27.9,39.7,13.4,True,False
2620447797,252,1,29,19,Pass,Unsuccessful,42,47.5,13.7,84.6,54.5,True,True
2620447853,419,1,29,25,Pass,Successful,36,14.7,39.6,22.2,70.2,True,False
2620447921,420,1,29,28,Pass,Successful,36,22.2,70.2,31.0,73.3,True,False
2620447963,421,1,29,32,Pass,Successful,36,31.0,73.1,43.3,74.9,True,False
2620447983,422,1,29,34,Pass,Successful,36,43.3,74.9,33.3,77.3,True,False
2620448033,423,1,29,35,Pass,Successful,36,33.3,77.3,40.9,61.8,True,False
2620448073,424,1,29,37,Pass,Successful,36,36.4,65.6,25.6,67.1,True,False
2620448121,425,1,29,39,Pass,Successful,36,25.7,66.0,26.1,46.9,True,False
2620448197,426,1,29,41,Pass,Successful,36,27.3,50.4,28.1,78.2,True,False
2620448241,427,1,29,44,Pass,Successful,36,28.5,82.2,42.5,95.6,True,False
2620448599,429,1,29,58,Pass,Successful,36,45.4,93.3,39.2,72.7,True,False
2620448679,430,1,30,2,Pass,Successful,36,39.7,69.6,38.6,32.7,True,False
2620448743,431,1,30,6,Pass,Successful,36,39.1,28.2,54.1,4.0,True,False
2620448813,432,1,30,8,Pass,Successful,36,54.6,4.0,52.9,12.2,True,False
2620449037,433,1,30,11,Pass,Successful,36,53.6,9.1,62.6,4.7,True,False
2620449091,434,1,30,19,Pass,Successful,36,76.3,22.7,87.1,19.1,True,False
2620449103,435,1,30,21,Pass,Successful,36,87.7,19.1,90.8,39.8,True,False
2620449645,255,1,30,36,Pass,Successful,42,4.7,49.7,46.3,14.3,True,True
2620449751,256,1,30,38,Pass,Unsuccessful,42,46.5,15.5,77.5,69.9,True,False
2620449943,440,1,30,45,Pass,Successful,36,12.6,17.3,37.8,7.3,True,False
2620450019,441,1,30,49,Pass,Successful,36,42.2,4.9,28.2,5.3,True,False
2620450095,442,1,30,52,Pass,Successful,36,28.2,5.3,32.9,32.7,True,False
2620450249,443,1,30,54,Pass,Successful,36,35.5,34.9,33.8,63.6,True,False
2620450369,444,1,30,58,Pass,Successful,36,33.9,64.7,51.4,87.4,True,False
2620450731,445,1,31,2,Pass,Successful,36,46.5,84.9,35.8,57.6,True,False
2620450769,446,1,31,13,Pass,Successful,36,37.1,52.0,33.6,63.1,True,False
2620450827,447,1,31,14,Pass,Successful,36,33.6,63.1,45.3,54.7,True,False
2620450893,448,1,31,15,Pass,Successful,36,45.3,54.7,38.1,66.9,True,False
2620451023,449,1,31,17,Pass,Successful,36,38.9,68.0,35.5,87.3,True,False
2620451107,450,1,31,20,Pass,Successful,36,34.3,80.0,36.1,65.3,True,False
2620451187,451,1,31,22,Pass,Unsuccessful,36,35.2,61.6,71.9,40.9,True,True
2620451251,257,1,31,26,Pass,Successful,42,26.8,55.5,30.4,47.5,False,False
2620451501,259,1,31,29,Pass,Successful,42,36.2,60.3,37.0,71.4,True,False
2620451905,261,1,31,35,Pass,Successful,42,42.1,54.5,52.7,9.2,True,False
2620452081,262,1,31,42,Pass,Successful,42,69.9,16.8,77.0,7.6,True,False
2620452189,263,1,31,46,Pass,Successful,42,74.5,11.8,85.3,20.0,True,False
2620452245,264,1,31,49,Pass,Successful,42,87.2,19.2,75.2,33.8,True,False
2620452251,265,1,31,50,Pass,Unsuccessful,42,72.8,34.8,75.3,35.4,True,False
2620452485,456,1,31,52,Pass,Successful,36,13.7,53.8,20.1,60.2,True,False
2620452601,266,1,31,56,Pass,Successful,42,82.0,34.6,94.4,29.5,True,False
2620452639,267,1,31,57,Pass,Unsuccessful,42,94.7,30.3,94.2,32.4,True,False
2620452885,460,1,32,4,Pass,Successful,36,35.4,31.8,31.6,20.7,True,False
2620453075,461,1,32,5,Pass,Successful,36,31.3,20.7,33.3,30.7,True,False
2620453173,462,1,32,10,Pass,Successful,36,37.7,38.0,37.4,68.2,True,False
2620453371,463,1,32,13,Pass,Successful,36,37.4,68.2,39.7,88.2,True,False
2620453431,464,1,32,16,Pass,Successful,36,38.5,70.7,54.9,71.3,True,False
2620453473,465,1,32,18,Pass,Successful,36,54.9,71.3,44.0,66.0,True,False
2620453853,467,1,32,20,Pass,Successful,36,48.2,56.0,57.5,37.8,True,False
2620454085,468,1,32,27,Pass,Successful,36,75.7,31.6,78.0,12.0,True,False
2620454129,469,1,32,32,Pass,Successful,36,84.2,12.9,85.3,29.1,True,False
2620454227,470,1,32,33,Pass,Unsuccessful,36,85.3,29.1,100.0,28.4,True,False
2620455497,271,1,32,58,Pass,Successful,42,4.7,60.3,2.8,50.0,True,False
2620455817,272,1,33,5,Pass,Successful,42,9.8,60.6,55.8,46.4,True,False
2620456049,274,1,33,10,Pass,Successful,42,58.2,57.5,78.2,72.7,True,True
2620456353,474,1,33,17,Pass,Unsuccessful,36,21.1,19.8,46.2,0.0,True,False
2620456775,277,1,33,23,Pass,Successful,42,48.3,100.0,34.6,92.3,True,False
2620457083,278,1,33,26,Pass,Successful,42,33.9,90.2,46.1,82.9,True,False
2620457165,279,1,33,31,Pass,Successful,42,48.8,59.7,40.8,30.7,True,False
2620457227,280,1,33,34,Pass,Successful,42,40.1,29.1,47.0,11.1,True,False
2620457307,281,1,33,35,Pass,Successful,42,47.0,11.1,36.4,28.0,True,False
2620457473,282,1,33,37,Pass,Successful,42,36.9,28.9,33.8,53.4,True,False
2620457569,283,1,33,41,Pass,Successful,42,38.4,63.7,43.3,95.6,True,False
2620457693,284,1,33,43,Pass,Successful,42,46.3,94.5,59.4,87.7,True,False
2620457771,285,1,33,44,Pass,Successful,42,59.4,87.7,55.4,96.9,True,False
2620457937,286,1,33,48,Pass,Successful,42,54.9,96.0,38.8,84.7,True,False
2620458131,287,1,33,50,Pass,Successful,42,38.4,79.3,34.6,56.0,True,False
2620458237,288,1,33,55,Pass,Successful,42,37.2,53.7,47.1,60.6,True,False
2620458353,289,1,33,57,Pass,Successful,42,47.0,66.4,37.5,81.2,True,False
2620458503,290,1,33,59,Pass,Successful,42,37.5,81.2,51.5,87.2,True,False
2620458593,291,1,34,2,Pass,Successful,42,45.4,85.7,45.1,76.6,True,False
2620458853,292,1,34,4,Pass,Successful,42,43.4,81.8,29.0,93.8,True,False
2620458975,293,1,34,9,Pass,Successful,42,37.2,93.3,68.6,65.4,True,True
2620459033,295,1,34,12,Pass,Successful,42,68.4,65.4,60.5,67.5,False,False
2620459081,296,1,34,13,Pass,Successful,42,60.5,67.5,58.0,59.1,False,False
2620459179,297,1,34,15,Pass,Successful,42,59.2,58.5,65.8,39.1,True,False
2620459327,298,1,34,16,Pass,Successful,42,67.2,32.5,74.6,15.8,True,False
2620461165,300,1,34,57,Pass,Unsuccessful,42,76.4,9.7,91.2,42.1,True,True
2620461569,301,1,35,5,Pass,Unsuccessful,42,88.8,83.1,89.6,78.1,True,True
2620461767,302,1,35,10,Pass,Unsuccessful,42,78.4,64.6,82.0,44.8,True,True
2620461841,480,1,35,11,Pass,Unsuccessful,36,17.2,51.8,27.0,39.6,False,False
2620463221,482,1,35,38,Pass,Successful,36,9.0,36.2,25.0,19.3,True,False
2620463269,483,1,35,40,Pass,Successful,36,25.0,19.3,28.2,28.7,True,False
2620463331,484,1,35,41,Pass,Successful,36,28.2,28.7,25.4,22.7,True,False
2620463411,485,1,35,42,Pass,Successful,36,25.4,22.7,29.3,33.3,True,False
2620463483,486,1,35,43,Pass,Successful,36,29.3,33.3,38.1,31.6,True,False
2620463553,487,1,35,45,Pass,Successful,36,34.1,36.7,34.1,49.6,True,False
2620463693,488,1,35,46,Pass,Successful,36,34.1,49.6,29.2,44.9,True,False
2620463965,489,1,35,50,Pass,Successful,36,31.6,54.2,67.9,86.7,True,True
2620466329,491,1,36,42,Pass,Successful,36,73.8,94.7,91.3,52.4,True,True
2620467483,307,1,37,2,Pass,Successful,42,5.2,62.1,2.7,49.4,True,False
2620467541,308,1,37,4,Pass,Successful,42,2.7,49.4,44.5,45.2,True,True
2620467647,309,1,37,6,Pass,Successful,42,44.4,47.3,45.4,60.3,False,False
2620467699,310,1,37,10,Pass,Successful,42,45.4,60.6,53.3,57.0,False,False
2620467707,311,1,37,11,Pass,Successful,42,54.6,55.3,56.4,48.2,False,False
2620467791,312,1,37,12,Pass,Successful,42,56.9,50.1,52.5,56.7,False,False
2620467905,313,1,37,14,Pass,Successful,42,52.5,57.2,58.1,89.3,True,False
2620468011,314,1,37,18,Pass,Successful,42,57.9,85.9,66.1,75.3,True,False
2620468149,315,1,37,19,Pass,Unsuccessful,42,66.1,75.7,72.3,100.0,True,False
2620469023,496,1,37,42,Pass,Successful,36,25.1,0.0,22.2,8.7,True,False
2620469201,497,1,37,43,Pass,Successful,36,22.2,8.7,51.0,39.1,True,False
2620469577,499,1,37,53,Pass,Unsuccessful,36,70.7,59.6,81.5,46.4,True,False
2620469695,318,1,37,56,Pass,Successful,42,17.5,53.4,13.4,48.8,True,False
2620469789,319,1,37,57,Pass,Successful,42,13.4,48.5,6.6,49.6,True,False
2620471305,502,1,38,30,Pass,Successful,36,44.7,29.8,36.3,31.6,True,False
2620471331,503,1,38,31,Pass,Successful,36,36.3,31.6,34.9,55.1,True,False
2620471459,504,1,38,32,Pass,Successful,36,34.9,55.1,36.7,77.8,True,False
2620471539,505,1,38,35,Pass,Successful,36,42.3,82.4,53.0,93.3,True,False
2620471617,506,1,38,37,Pass,Successful,36,44.2,84.9,36.4,90.9,True,False
2620471737,507,1,38,38,Pass,Successful,36,36.4,90.9,30.9,75.1,True,False
2620472101,508,1,38,41,Pass,Successful,36,27.6,77.3,9.3,64.0,True,False
2620472267,509,1,38,48,Pass,Successful,36,9.6,51.6,11.6,90.9,True,False
2620472415,510,1,38,52,Pass,Successful,36,11.6,90.9,26.2,96.2,True,False
2620472493,511,1,38,54,Pass,Successful,36,23.9,88.7,20.8,74.9,True,False
2620472665,512,1,38,56,Pass,Successful,36,19.7,81.1,24.3,94.7,True,False
2620472679,513,1,38,59,Pass,Unsuccessful,36,24.3,94.7,20.9,94.4,True,False
2620472867,324,1,39,2,Pass,Unsuccessful,42,89.9,7.6,89.8,8.2,True,False
2620473417,519,1,39,14,Pass,Unsuccessful,36,19.8,16.9,39.0,35.5,True,False
2620473535,327,1,39,15,Pass,Successful,42,58.2,70.3,66.2,90.5,True,False
2620473707,329,1,39,21,Pass,Successful,42,84.6,90.9,89.6,81.8,True,False
2620473747,330,1,39,23,Pass,Unsuccessful,42,91.2,80.8,91.5,67.0,True,True
2620474017,523,1,39,25,Pass,Successful,36,27.6,27.8,25.4,20.2,True,False
2620474255,524,1,39,28,Pass,Successful,36,25.9,19.8,40.3,3.8,True,False
2620474413,525,1,39,33,Pass,Unsuccessful,36,47.4,3.8,85.7,32.2,True,True
2620474619,334,1,39,39,Pass,Successful,42,27.9,92.4,14.0,89.6,True,False
2620474689,335,1,39,43,Pass,Successful,42,21.7,89.1,31.8,89.1,True,False
2620474741,336,1,39,44,Pass,Successful,42,32.0,89.1,31.0,96.2,True,False
2620474841,337,1,39,46,Pass,Successful,42,31.0,96.5,40.2,96.6,True,False
2620474875,338,1,39,47,Pass,Successful,42,40.2,96.0,40.0,84.2,True,False
2620474971,339,1,39,48,Pass,Successful,42,39.8,83.5,26.7,73.9,True,False
2620475095,340,1,39,50,Pass,Successful,42,26.4,73.3,33.4,68.1,True,False
2620475409,341,1,39,53,Pass,Successful,42,40.0,63.4,44.6,30.7,True,False
2620475537,342,1,40,1,Pass,Successful,42,75.3,13.8,70.8,6.2,True,False
2620475653,343,1,40,3,Pass,Successful,42,70.6,6.2,66.5,16.8,True,False
2620475801,344,1,40,6,Pass,Unsuccessful,42,69.4,19.7,100.0,83.5,True,True
2620477541,527,1,40,42,Pass,Unsuccessful,36,4.7,48.0,56.6,70.4,True,False
2620477673,347,1,40,46,Pass,Successful,42,44.3,28.6,45.9,36.9,True,False
2620477845,529,1,40,50,Pass,Successful,36,53.6,55.3,53.0,68.9,True,False
2620477971,530,1,40,51,Pass,Successful,36,55.5,71.3,66.7,93.1,True,False
2620478053,531,1,40,54,Pass,Successful,36,66.7,93.1,56.9,89.1,True,False
2620478173,532,1,40,55,Pass,Successful,36,56.9,89.1,44.8,83.3,True,False
2620478355,533,1,40,58,Pass,Successful,36,45.9,75.1,45.0,34.2,True,False
2620478449,534,1,41,2,Pass,Successful,36,45.7,44.0,47.6,57.3,True,False
2620478561,535,1,41,5,Pass,Successful,36,47.9,53.8,44.7,41.8,True,False
2620478819,536,1,41,7,Pass,Successful,36,44.7,41.8,45.4,94.9,True,False
2620478913,537,1,41,12,Pass,Successful,36,51.9,95.2,47.4,82.6,True,False
2620479131,538,1,41,13,Pass,Successful,36,43.6,82.9,62.8,94.2,True,False
2620479283,539,1,41,18,Pass,Successful,36,74.4,92.2,92.5,82.2,True,False
2620479321,540,1,41,21,Pass,Unsuccessful,36,93.0,81.1,87.0,51.8,True,False
2620480811,542,1,41,49,Pass,Unsuccessful,36,99.5,99.5,94.3,59.8,True,True
2620480967,543,1,41,51,Pass,Successful,36,75.0,42.4,75.2,68.7,True,False
2620481109,544,1,41,53,Pass,Successful,36,72.4,68.2,84.6,73.3,True,False
2620481351,545,1,41,57,Pass,Successful,36,97.0,65.5,90.5,38.4,True,False
2620484965,352,1,43,7,Pass,Successful,42,49.7,50.0,33.7,27.6,True,False
2620485027,353,1,43,10,Pass,Successful,42,33.0,27.4,26.7,44.9,True,False
2620485097,354,1,43,13,Pass,Successful,42,26.8,45.5,34.3,61.4,True,False
2620485431,355,1,43,16,Pass,Successful,42,35.8,65.5,23.9,75.0,True,False
2620485499,356,1,43,22,Pass,Successful,42,29.7,60.9,29.6,25.8,True,False
2620485667,357,1,43,25,Pass,Successful,42,30.0,26.8,28.3,46.3,True,False
2620485697,358,1,43,28,Pass,Successful,42,33.7,43.4,30.1,24.6,True,False
2620485803,359,1,43,29,Pass,Successful,42,30.4,24.3,41.2,3.1,True,False
2620486009,360,1,43,32,Pass,Successful,42,42.3,4.4,35.0,19.7,True,False
2620486179,361,1,43,36,Pass,Successful,42,37.5,28.0,30.6,50.9,True,False
2620486361,362,1,43,39,Pass,Successful,42,37.2,66.1,43.2,93.9,True,False
2620486451,363,1,43,41,Pass,Successful,42,42.2,93.8,28.6,83.9,True,False
2620486557,364,1,43,44,Pass,Successful,42,27.5,81.5,25.0,55.4,True,False
2620486747,365,1,43,46,Pass,Successful,42,24.7,52.2,8.7,39.2,True,False
2620486963,366,1,43,50,Pass,Successful,42,12.7,35.1,26.9,25.9,True,False
2620487067,367,1,43,52,Pass,Successful,42,31.6,31.2,44.2,52.1,True,False
2620487109,368,1,43,54,Pass,Unsuccessful,42,44.2,52.1,56.6,35.1,True,False
2620487257,549,1,43,59,Pass,Successful,36,51.6,58.0,45.4,46.7,True,False
2620487465,550,1,44,0,Pass,Successful,36,45.4,46.7,45.6,84.0,True,False
2620487485,551,1,44,2,Pass,Successful,36,45.6,84.0,53.5,78.0,True,False
2620487657,552,1,44,5,Pass,Successful,36,53.5,78.0,42.8,58.2,True,False
2620487697,553,1,44,9,Pass,Successful,36,44.7,47.3,47.0,28.9,True,False
2620487787,554,1,44,10,Pass,Successful,36,46.7,28.9,58.0,34.7,True,False
2620488007,555,1,44,12,Pass,Successful,36,60.2,33.8,58.3,15.3,True,False
2620488137,556,1,44,15,Pass,Successful,36,57.4,15.3,46.0,27.3,True,False
2620488237,557,1,44,18,Pass,Successful,36,46.5,27.3,55.8,43.3,True,False
2620488441,558,1,44,20,Pass,Successful,36,55.8,43.3,45.4,42.9,True,False
2620488507,559,1,44,22,Pass,Successful,36,44.4,40.6,51.6,31.8,True,False
2620488613,560,1,44,23,Pass,Successful,36,51.9,34.7,44.0,26.2,True,False
2620488705,561,1,44,28,Pass,Successful,36,43.4,24.2,47.4,5.8,True,False
2620488893,562,1,44,30,Pass,Successful,36,47.4,5.8,12.1,29.6,True,False
2620488983,563,1,44,33,Pass,Unsuccessful,36,12.7,27.1,40.3,11.8,True,True
2620489407,371,1,44,45,Pass,Unsuccessful,42,66.0,93.0,66.2,93.0,True,False
2620489965,373,1,44,56,Pass,Successful,42,65.2,100.0,46.8,92.3,True,False
2620490105,374,1,44,58,Pass,Successful,42,46.0,86.0,58.1,75.9,True,False
2620490265,375,1,45,0,Pass,Successful,42,57.4,76.1,42.6,83.6,True,False
2620490393,376,1,45,4,Pass,Successful,42,54.9,76.6,66.6,76.1,True,False
2620491591,568,1,45,29,Pass,Unsuccessful,36,32.9,28.2,80.9,28.7,True,False
2620491667,380,1,45,32,Pass,Successful,42,21.8,72.8,8.3,60.2,False,False
2620492313,382,1,45,42,Pass,Successful,42,14.3,46.6,15.0,24.9,True,False
2620492501,383,1,45,46,Pass,Successful,42,19.2,25.9,7.8,47.0,True,False
2620492631,384,1,45,50,Pass,Successful,42,9.2,58.1,19.5,96.5,True,False
2620493077,385,1,45,52,Pass,Successful,42,21.6,96.6,40.7,94.8,True,False
2620493127,386,1,46,0,Pass,Unsuccessful,42,61.3,74.2,64.3,72.0,True,False
2620493447,387,1,46,3,Pass,Successful,42,41.6,73.2,31.4,85.1,True,False
2620534455,391,1,6,59,Pass,Unsuccessful,42,41.0,95.6,36.0,95.6,True,False
2620536867,573,2,45,0,Pass,Successful,36,49.7,49.9,33.6,49.9,True,False
2620536979,574,2,45,4,Pass,Unsuccessful,36,32.8,52.6,67.3,72.0,True,False
2620537019,394,2,45,6,Pass,Unsuccessful,42,32.6,32.8,41.7,37.0,False,False
2620537119,576,2,45,8,Pass,Successful,36,55.8,65.1,60.6,76.5,True,False
2620537129,577,2,45,9,Pass,Successful,36,60.6,76.5,59.5,67.1,True,False
2620537197,578,2,45,9,Pass,Successful,36,59.5,67.1,61.4,80.5,True,False
2620537223,579,2,45,10,Pass,Unsuccessful,36,61.4,80.5,61.4,68.7,True,True
2620537363,397,2,45,13,Pass,Unsuccessful,42,44.1,38.9,46.1,50.7,False,False
2620537437,581,2,45,14,Pass,Unsuccessful,36,54.3,48.5,57.1,48.5,True,False
2620537531,582,2,45,15,Pass,Successful,36,52.8,46.8,56.1,63.3,True,False
2620537695,583,2,45,16,Pass,Successful,36,56.1,64.0,48.3,85.0,True,False
2620537775,584,2,45,21,Pass,Successful,36,47.3,83.0,54.5,94.6,True,False
2620537805,585,2,45,23,Pass,Successful,36,54.5,94.6,57.2,85.2,True,False
2620537869,586,2,45,23,Pass,Successful,36,57.2,85.2,35.3,94.4,True,False
2620538091,587,2,45,26,Pass,Successful,36,34.7,94.4,11.7,59.3,True,False
2620538201,588,2,45,29,Pass,Successful,36,11.7,59.3,20.2,16.6,True,False
2620538385,589,2,45,32,Pass,Successful,36,20.2,16.6,28.6,3.1,True,False
2620539291,591,2,45,54,Pass,Successful,36,26.4,10.7,28.5,22.4,True,False
2620539337,592,2,45,56,Pass,Successful,36,28.5,22.4,30.3,11.4,True,False
2620539389,593,2,45,57,Pass,Successful,36,30.3,11.4,36.3,5.8,True,False
2620540923,595,2,46,27,Pass,Unsuccessful,36,44.1,3.6,68.1,83.7,True,True
2620540989,401,2,46,30,Pass,Successful,42,34.3,17.3,44.7,30.7,False,False
2620541107,403,2,46,32,Pass,Successful,42,43.5,30.6,30.4,28.8,True,False
2620541225,404,2,46,34,Pass,Successful,42,30.8,30.1,27.4,48.7,True,False
2620541347,405,2,46,36,Pass,Successful,42,27.8,55.1,30.8,85.3,True,False
2620541589,406,2,46,38,Pass,Successful,42,30.8,85.9,20.1,81.7,True,False
2620541777,407,2,46,43,Pass,Successful,42,18.5,77.3,7.4,58.5,True,False
2620541977,408,2,46,47,Pass,Successful,42,5.3,49.3,23.7,7.0,True,False
2620542285,597,2,46,56,Pass,Successful,36,73.7,100.0,70.1,94.6,True,False
2620542333,598,2,46,57,Pass,Successful,36,70.1,94.6,74.2,97.3,True,False
2620542409,599,2,46,58,Pass,Successful,36,74.2,97.3,66.1,91.9,True,True
2620542453,600,2,47,0,Pass,Successful,36,66.7,94.8,70.9,80.1,True,False
2620542507,601,2,47,1,Pass,Successful,36,70.9,80.1,62.0,73.4,True,False
2620542591,602,2,47,2,Pass,Successful,36,62.0,73.4,64.8,78.7,True,False
2620542707,603,2,47,3,Pass,Successful,36,64.8,78.7,54.5,66.7,True,False
2620542791,604,2,47,6,Pass,Successful,36,54.5,66.7,66.9,49.4,True,False
2620542937,605,2,47,8,Pass,Successful,36,63.2,45.2,59.0,25.8,True,False
2620543163,606,2,47,10,Pass,Successful,36,60.6,15.0,71.9,4.0,True,False
2620543279,607,2,47,16,Pass,Successful,36,73.6,12.1,62.5,16.6,True,False
2620543379,608,2,47,18,Pass,Successful,36,62.5,16.6,66.2,28.9,True,False
2620543419,609,2,47,20,Pass,Successful,36,66.2,28.9,54.1,32.0,True,False
2620543515,610,2,47,21,Pass,Successful,36,54.1,32.0,61.4,43.6,True,False
2620543529,611,2,47,22,Pass,Unsuccessful,36,61.4,43.6,70.5,30.9,True,False
2620543709,411,2,47,24,Pass,Unsuccessful,42,30.1,73.9,62.3,86.6,True,False
2620543831,612,2,47,28,Pass,Successful,36,42.2,4.5,35.6,12.5,True,False
2620543995,613,2,47,30,Pass,Successful,36,32.2,14.8,8.8,39.2,True,False
2620544253,614,2,47,34,Pass,Successful,36,8.8,39.2,11.1,87.5,True,False
2620544323,615,2,47,38,Pass,Successful,36,11.1,87.5,25.2,96.6,True,False
2620544403,616,2,47,39,Pass,Successful,36,25.2,96.6,13.9,83.4,True,False
2620544447,617,2,47,41,Pass,Unsuccessful,36,13.9,83.4,37.2,90.4,True,False
2620544719,618,2,47,44,Pass,Successful,36,26.5,74.6,41.3,72.3,True,False
2620544795,619,2,47,46,Pass,Successful,36,39.8,69.8,43.1,49.9,True,False
2620545125,620,2,47,48,Pass,Successful,36,43.6,48.5,64.2,14.3,True,False
2620545217,621,2,47,55,Pass,Successful,36,80.0,30.9,75.0,45.9,True,False
2620545241,622,2,47,57,Pass,Unsuccessful,36,75.0,47.4,75.3,50.8,True,False
2620545589,415,2,48,1,Pass,Successful,42,21.8,59.3,5.4,49.6,True,False
2620545695,416,2,48,3,Pass,Unsuccessful,42,4.7,49.7,46.9,67.2,True,False
2620545817,623,2,48,6,Pass,Unsuccessful,36,52.6,34.9,61.0,22.5,False,False
2620546611,625,2,48,16,Pass,Successful,36,58.3,0.0,45.3,24.4,True,False
2620546759,626,2,48,24,Pass,Successful,36,51.9,40.7,54.2,50.3,True,False
2620547101,627,2,48,26,Pass,Successful,36,54.8,41.6,65.3,3.8,True,False
2620547139,628,2,48,34,Pass,Successful,36,77.2,18.6,78.6,32.0,True,False
2620547247,629,2,48,34,Pass,Successful,36,78.6,32.0,92.5,14.1,True,False
2620547423,630,2,48,36,Pass,Successful,36,92.3,14.1,88.6,67.1,True,True
2620548409,420,2,48,56,Pass,Successful,42,5.0,49.7,13.9,89.7,True,False
2620548721,421,2,48,58,Pass,Successful,42,14.9,90.6,33.4,91.8,True,False
2620548781,422,2,49,5,Pass,Successful,42,31.9,89.6,23.2,93.5,True,False
2620548871,423,2,49,6,Pass,Successful,42,23.6,93.3,34.6,94.7,True,False
2620549003,424,2,49,8,Pass,Successful,42,34.7,95.0,29.1,95.1,True,False
2620549185,425,2,49,10,Pass,Successful,42,29.0,95.1,35.6,72.7,True,True
2620549429,427,2,49,15,Pass,Successful,42,36.4,56.0,44.0,28.5,True,False
2620549615,428,2,49,19,Pass,Successful,42,59.2,14.0,70.8,6.5,True,False
2620549725,429,2,49,23,Pass,Unsuccessful,42,76.1,17.3,95.6,49.3,True,True
2620550661,637,2,49,39,Pass,Unsuccessful,36,10.5,47.9,60.6,58.2,True,True
2620550977,431,2,49,45,Pass,Successful,42,38.6,41.0,35.7,56.3,True,False
2620551083,432,2,49,47,Pass,Successful,42,35.4,57.9,41.2,83.5,True,False
2620551185,433,2,49,49,Pass,Successful,42,36.6,82.4,30.1,60.0,True,False
2620551323,434,2,49,52,Pass,Successful,42,30.8,55.2,30.8,35.5,True,False
2620551571,435,2,49,54,Pass,Successful,42,29.9,40.4,7.8,33.1,True,False
2620551731,436,2,49,59,Pass,Unsuccessful,42,5.8,25.0,40.6,23.3,True,False
2620551863,638,2,50,1,Pass,Successful,36,56.4,77.4,67.2,69.3,True,False
2620551925,640,2,50,4,Pass,Successful,36,67.2,69.3,84.8,63.5,True,False
2620553235,643,2,50,31,Pass,Successful,36,45.8,100.0,54.2,79.6,True,False
2620553503,440,2,50,34,Pass,Successful,42,44.2,10.9,56.6,5.3,True,False
2620553695,441,2,50,37,Pass,Successful,42,55.6,11.3,45.3,4.1,True,False
2620553819,442,2,50,41,Pass,Successful,42,44.2,10.7,34.9,27.1,True,False
2620554231,443,2,50,43,Pass,Successful,42,34.1,28.8,32.9,47.8,True,False
2620554417,444,2,50,51,Pass,Successful,42,42.0,67.8,38.7,86.0,True,False
2620554553,445,2,50,54,Pass,Successful,42,36.6,71.8,30.1,55.5,True,False
2620554677,446,2,50,57,Pass,Successful,42,30.5,50.3,28.7,26.8,True,False
2620554819,447,2,50,59,Pass,Successful,42,30.1,23.1,37.8,4.9,True,False
2620554919,448,2,51,2,Pass,Successful,42,39.9,3.4,57.2,4.0,True,False
2620554959,449,2,51,4,Pass,Successful,42,55.1,4.9,40.6,5.6,True,False
2620555019,450,2,51,5,Pass,Successful,42,40.6,5.6,46.1,16.1,True,False
2620555291,451,2,51,6,Pass,Successful,42,47.4,16.5,70.1,10.0,True,True
2620555609,455,2,51,15,Pass,Successful,42,61.7,18.0,57.5,36.9,True,False
2620555843,456,2,51,18,Pass,Successful,42,63.1,48.5,68.7,91.2,True,False
2620555993,457,2,51,23,Pass,Successful,42,68.5,83.7,53.8,83.7,True,False
2620556099,458,2,51,26,Pass,Successful,42,55.9,79.1,71.5,69.1,True,False
2620556241,459,2,51,28,Pass,Successful,42,71.3,63.9,74.0,57.2,False,False
2620556357,460,2,51,30,Pass,Successful,42,79.3,67.3,85.5,84.1,True,False
2620556441,461,2,51,34,Pass,Successful,42,80.6,76.4,75.8,61.7,True,False
2620556635,462,2,51,36,Pass,Unsuccessful,42,75.9,60.6,87.7,41.5,True,True
2620557973,648,2,52,6,Pass,Successful,36,17.8,54.1,66.2,42.5,True,True
2620558171,649,2,52,10,Pass,Unsuccessful,36,66.2,42.5,55.6,41.4,False,False
2620558227,464,2,52,11,Pass,Unsuccessful,42,40.8,57.6,63.6,52.7,True,False
2620558307,650,2,52,13,Pass,Unsuccessful,36,35.5,49.9,49.1,40.9,False,False
2620558505,466,2,52,16,Pass,Successful,42,54.6,43.3,61.4,11.4,True,False
2620558545,467,2,52,18,Pass,Successful,42,61.3,11.0,70.2,15.0,True,False
2620558563,468,2,52,19,Pass,Successful,42,71.2,14.5,68.9,19.4,True,False
2620558681,469,2,52,21,Pass,Unsuccessful,42,75.4,32.8,86.8,38.2,True,False
2620559289,471,2,52,31,Pass,Successful,42,66.5,0.0,55.0,6.4,True,False
2620559511,472,2,52,33,Pass,Successful,42,55.6,8.2,61.4,23.3,True,False
2620559585,473,2,52,38,Pass,Successful,42,47.1,43.1,38.4,54.5,True,False
2620559637,474,2,52,40,Pass,Successful,42,38.4,54.9,46.0,50.7,True,False
2620559737,475,2,52,41,Pass,Successful,42,46.0,51.0,38.8,59.3,True,False
2620559839,476,2,52,44,Pass,Successful,42,52.8,68.5,65.9,58.7,True,False
2620559887,477,2,52,45,Pass,Successful,42,66.6,60.3,71.7,73.3,True,False
2620560101,657,2,52,49,Pass,Successful,36,34.7,18.4,47.8,14.1,True,False
2620560369,658,2,52,50,Pass,Successful,36,47.8,14.1,39.1,38.0,True,False
2620560445,659,2,52,56,Pass,Successful,36,41.7,49.0,42.0,69.8,True,False
2620560481,660,2,52,58,Pass,Successful,36,42.0,69.8,41.6,60.8,True,False
2620560623,661,2,52,58,Pass,Successful,36,41.6,60.8,27.5,67.3,True,False
2620560825,662,2,53,1,Pass,Successful,36,27.5,67.3,29.5,21.5,True,False
2620560913,663,2,53,5,Pass,Successful,36,29.5,21.5,33.0,31.1,True,False
2620560987,664,2,53,7,Pass,Successful,36,33.0,31.1,22.0,30.0,True,False
2620561039,665,2,53,9,Pass,Successful,36,22.0,30.0,25.6,15.9,True,False
2620561137,666,2,53,10,Pass,Successful,36,25.6,15.9,33.6,3.4,True,False
2620561217,667,2,53,12,Pass,Successful,36,33.6,3.4,32.0,14.1,True,False
2620561339,668,2,53,13,Pass,Successful,36,32.0,14.1,63.1,5.8,True,False
2620564483,670,2,54,21,Pass,Unsuccessful,36,67.0,7.4,83.9,44.7,True,True
2620564667,671,2,54,26,Pass,Successful,36,63.1,66.4,48.6,60.0,False,False
2620564857,672,2,54,27,Pass,Successful,36,48.3,59.7,26.4,56.6,True,False
2620564987,673,2,54,31,Pass,Successful,36,22.4,53.4,25.4,15.9,True,False
2620565077,674,2,54,34,Pass,Successful,36,25.2,16.1,30.9,30.9,True,False
2620565359,675,2,54,37,Pass,Successful,36,31.7,33.1,44.2,72.9,True,False
2620565505,676,2,54,43,Pass,Successful,36,56.2,77.6,49.8,62.9,True,False
2620565589,677,2,54,46,Pass,Successful,36,51.6,60.0,56.6,47.9,True,False
2620565707,678,2,54,48,Pass,Successful,36,56.2,52.1,55.5,78.3,True,False
2620565761,679,2,54,50,Pass,Successful,36,55.5,78.3,52.2,65.1,True,False
2620565817,680,2,54,51,Pass,Successful,36,52.2,65.1,55.3,80.8,True,False
2620566065,681,2,54,52,Pass,Successful,36,55.3,80.8,43.0,49.9,True,False
2620566211,682,2,54,57,Pass,Successful,36,47.0,40.9,51.1,16.8,True,False
2620566283,683,2,55,0,Pass,Successful,36,51.9,19.5,46.1,41.4,True,False
2620566447,684,2,55,1,Pass,Successful,36,46.1,41.4,37.0,35.4,True,False
2620566581,685,2,55,4,Pass,Successful,36,36.9,31.5,41.1,11.0,True,False
2620566603,686,2,55,7,Pass,Unsuccessful,36,41.1,11.0,45.3,11.4,True,False
2620567191,688,2,55,11,Pass,Successful,36,55.8,28.2,57.8,72.3,True,False
2620567373,689,2,55,19,Pass,Successful,36,64.8,59.3,85.4,29.3,True,True
2620567415,690,2,55,21,Pass,Successful,36,85.4,29.3,84.2,40.9,True,False
2620569257,487,2,55,55,Pass,Successful,42,4.9,49.9,5.5,25.0,True,False
2620569309,488,2,55,56,Pass,Successful,42,5.8,24.7,14.0,7.7,True,False
2620569439,489,2,55,59,Pass,Successful,42,13.8,10.1,5.6,31.0,True,False
2620569531,490,2,56,5,Pass,Unsuccessful,42,7.9,46.0,21.5,76.7,True,True
2620569617,694,2,56,9,Pass,Unsuccessful,36,75.9,34.5,89.0,34.5,True,False
2620569881,492,2,56,12,Pass,Successful,42,33.5,70.6,39.0,83.3,True,False
2620570117,493,2,56,16,Pass,Successful,42,45.9,77.3,52.4,40.4,True,False
2620570315,494,2,56,20,Pass,Successful,42,62.6,26.1,83.8,13.2,True,False
2620570413,495,2,56,24,Pass,Successful,42,86.4,18.2,75.4,23.7,True,False
2620570493,496,2,56,27,Pass,Unsuccessful,42,79.7,25.6,93.1,49.6,True,True
2620571209,498,2,56,38,Pass,Successful,42,81.8,0.0,87.1,12.0,True,False
2620571243,499,2,56,39,Pass,Successful,42,87.2,12.6,85.5,7.7,True,False
2620571277,500,2,56,40,Pass,Successful,42,85.3,7.4,77.2,16.1,True,False
2620571323,501,2,56,43,Pass,Successful,42,76.7,17.4,79.2,32.4,True,False
2620571345,502,2,56,45,Pass,Unsuccessful,42,79.2,32.4,79.2,33.1,True,False
2620571409,701,2,56,46,Pass,Successful,36,21.9,68.7,26.6,62.6,True,False
2620571495,702,2,56,46,Pass,Successful,36,26.6,62.6,27.7,80.1,True,False
2620571875,506,2,56,51,Pass,Unsuccessful,42,75.4,41.0,82.3,57.5,True,False
2620571995,507,2,56,55,Pass,Unsuccessful,42,66.6,70.6,74.6,67.8,False,False
2620572547,509,2,57,5,Pass,Successful,42,71.3,100.0,54.4,86.6,True,False
2620572659,510,2,57,8,Pass,Successful,42,51.2,70.6,48.3,40.3,True,False
2620572761,511,2,57,10,Pass,Successful,42,51.0,35.5,60.4,29.5,True,False
2620572867,512,2,57,12,Pass,Successful,42,63.1,25.0,69.4,7.6,True,False
2620572995,513,2,57,14,Pass,Successful,42,69.8,7.6,64.4,14.4,True,False
2620573177,514,2,57,17,Pass,Successful,42,63.7,18.9,53.0,51.9,True,False
2620573315,515,2,57,21,Pass,Successful,42,60.5,63.9,65.4,87.4,True,False
2620573643,516,2,57,23,Pass,Successful,42,67.2,85.9,78.3,82.9,True,False
2620573655,710,2,57,29,Pass,Successful,36,28.1,32.0,30.6,46.3,True,False
2620573685,517,2,57,32,Pass,Successful,42,77.9,83.2,74.5,72.4,True,False
2620573777,711,2,57,29,Pass,Successful,36,30.6,46.3,43.4,63.8,True,False
2620573833,712,2,57,31,Pass,Unsuccessful,36,43.4,63.8,53.0,53.7,True,False
2620574167,520,2,57,41,Pass,Unsuccessful,42,71.9,46.1,75.2,51.8,True,False
2620574259,714,2,57,42,Pass,Successful,36,21.7,49.7,21.4,62.6,True,False
2620574483,715,2,57,43,Pass,Successful,36,21.4,62.6,33.3,73.6,True,False
2620574673,716,2,57,47,Pass,Successful,36,38.4,75.8,66.1,90.4,True,False
2620574849,717,2,57,52,Pass,Successful,36,80.3,82.5,73.7,69.6,True,False
2620574989,719,2,57,57,Pass,Successful,36,85.8,67.6,91.8,73.4,True,False
2620575083,720,2,57,59,Pass,Unsuccessful,36,92.0,73.8,95.2,45.8,True,True
2620577011,723,2,58,42,Pass,Unsuccessful,36,99.5,0.5,92.2,46.3,True,True
2620577281,525,2,58,47,Pass,Unsuccessful,42,27.8,71.7,35.7,75.7,False,False
2620577543,724,2,58,50,Pass,Unsuccessful,36,65.3,30.9,64.5,49.4,True,False
2620577629,526,2,58,54,Pass,Successful,42,35.7,44.8,34.0,52.2,False,False
2620577663,527,2,58,55,Pass,Unsuccessful,42,34.3,52.8,28.6,45.7,False,False
2620577727,528,2,58,57,Pass,Successful,42,26.6,46.1,31.0,56.1,False,False
2620577899,530,2,58,59,Pass,Successful,42,33.6,57.2,23.8,60.3,True,False
2620577967,531,2,59,2,Pass,Successful,42,24.7,59.0,27.1,29.1,True,False
2620578217,532,2,59,4,Pass,Successful,42,31.0,28.3,42.9,19.8,True,False
2620578649,533,2,59,9,Pass,Successful,42,55.2,28.3,85.9,53.4,True,True
2620579757,728,2,59,46,Pass,Successful,36,8.8,45.0,24.9,65.5,True,False
2620579767,729,2,59,48,Pass,Successful,36,24.2,61.0,18.7,71.7,True,False
2620579817,730,2,59,49,Pass,Successful,36,20.8,77.0,58.3,97.8,True,True
2620580437,537,2,60,9,Pass,Successful,42,35.9,0.0,27.2,4.7,True,False
2620580523,538,2,60,11,Pass,Successful,42,27.5,5.2,20.1,19.1,True,False
2620580599,539,2,60,13,Pass,Successful,42,19.0,19.5,7.2,33.4,True,False
2620580759,540,2,60,15,Pass,Successful,42,7.6,33.4,24.4,49.9,True,False
2620580809,541,2,60,17,Pass,Successful,42,25.1,51.2,14.5,75.6,True,False
2620580879,542,2,60,18,Pass,Successful,42,14.9,75.7,33.4,95.0,True,False
2620580985,543,2,60,21,Pass,Unsuccessful,42,43.6,88.6,56.2,73.5,True,False
2620581253,734,2,60,26,Pass,Successful,36,45.2,30.9,34.4,47.9,True,False
2620581307,735,2,60,33,Pass,Successful,36,37.4,45.4,42.8,56.8,True,False
2620581385,736,2,60,35,Pass,Successful,36,40.9,58.2,31.9,64.0,True,False
2620581495,737,2,60,37,Pass,Successful,36,33.9,63.5,44.2,86.8,True,False
2620581511,738,2,60,39,Pass,Unsuccessful,36,44.5,86.6,94.0,74.5,True,True
2620581767,545,2,60,50,Pass,Successful,42,13.1,49.3,15.9,25.3,True,False
2620581815,546,2,60,51,Pass,Successful,42,15.6,25.0,8.1,40.3,True,False
2620581891,547,2,60,55,Pass,Successful,42,10.4,37.9,45.6,41.9,True,False
2620581989,549,2,60,57,Pass,Successful,42,45.7,41.9,54.6,49.3,False,False
2620584663,743,2,62,34,Pass,Unsuccessful,36,19.8,34.2,79.6,48.7,True,False
2620584827,555,2,62,39,Pass,Successful,42,19.1,49.7,13.4,50.1,False,False
2620585255,557,2,62,53,Pass,Unsuccessful,42,15.6,49.7,66.6,32.7,True,False
2620585289,744,2,62,55,Pass,Successful,36,36.4,71.4,39.2,83.2,True,False
2620585347,746,2,62,59,Pass,Successful,36,34.9,83.4,14.4,77.2,True,False
2620585377,747,2,63,1,Pass,Successful,36,14.4,77.2,3.3,65.8,True,False
2620585455,748,2,63,2,Pass,Unsuccessful,36,3.3,65.8,52.3,72.3,True,False
2620585505,558,2,63,7,Pass,Unsuccessful,42,47.8,29.2,62.0,42.8,False,False
2620585619,749,2,63,9,Pass,Successful,36,40.6,61.7,48.1,43.8,True,False
2620585797,561,2,63,15,Pass,Successful,42,41.3,75.0,44.8,66.4,True,False
2620585815,562,2,63,16,Pass,Successful,42,45.0,62.3,43.8,71.8,True,False
2620585837,563,2,63,18,Pass,Successful,42,43.6,71.8,48.8,52.8,True,False
2620585895,564,2,63,21,Pass,Successful,42,56.5,43.0,66.7,18.0,True,False
2620585931,565,2,63,23,Pass,Successful,42,68.9,17.7,71.0,25.5,True,False
2620585987,566,2,63,25,Pass,Successful,42,81.6,25.2,87.6,11.0,True,False
2620586037,567,2,63,28,Pass,Successful,42,88.1,12.2,91.6,68.2,True,True
2620586047,568,2,63,30,Pass,Unsuccessful,42,91.8,67.8,90.8,56.0,False,False
2620586157,569,2,63,34,Pass,Unsuccessful,42,65.8,62.6,78.9,73.2,True,False
2620586215,753,2,63,37,Pass,Successful,36,21.6,22.4,29.9,36.9,True,False
2620586237,754,2,63,40,Pass,Successful,36,29.9,36.9,35.8,60.0,True,False
2620586269,755,2,63,41,Pass,Successful,36,35.8,60.0,29.4,56.8,True,False
2620586313,756,2,63,42,Pass,Successful,36,29.4,56.8,29.9,80.8,True,False
2620586389,757,2,63,44,Pass,Successful,36,29.9,80.8,37.0,77.6,True,False
2620586451,758,2,63,47,Pass,Successful,36,37.2,77.6,34.5,71.1,True,False
2620586457,759,2,63,49,Pass,Successful,36,34.5,71.1,33.3,63.5,True,False
2620586477,760,2,63,50,Pass,Successful,36,33.3,63.5,36.3,70.5,True,False
2620586511,761,2,63,51,Pass,Successful,36,36.3,70.5,31.3,68.2,True,False
2620586525,762,2,63,53,Pass,Successful,36,31.3,68.2,46.9,66.9,True,False
2620586587,763,2,63,54,Pass,Successful,36,46.9,66.9,45.8,53.5,True,False
2620586693,572,2,63,58,Pass,Successful,42,56.8,49.1,66.4,53.0,True,False
2620587153,766,2,64,23,Pass,Successful,36,15.7,50.7,22.8,61.8,True,False
2620587179,767,2,64,24,Pass,Successful,36,25.2,57.0,20.3,30.4,True,False
2620587199,768,2,64,27,Pass,Successful,36,20.3,30.4,30.0,18.1,True,False
2620587285,769,2,64,28,Pass,Successful,36,30.0,18.1,16.0,42.5,True,False
2620587341,770,2,64,32,Pass,Successful,36,16.0,33.8,20.5,7.2,True,False
2620587411,771,2,64,34,Pass,Successful,36,20.5,7.2,31.7,3.1,True,False
2620587445,772,2,64,37,Pass,Successful,36,27.7,4.0,21.3,11.2,True,False
2620587475,773,2,64,39,Pass,Successful,36,21.3,11.2,45.3,17.5,True,True
2620587495,774,2,64,41,Pass,Successful,36,43.0,17.0,43.3,3.4,True,False
2620587543,775,2,64,43,Pass,Successful,36,43.3,3.4,58.9,1.8,True,False
2620587723,777,2,64,59,Pass,Successful,36,58.9,1.8,57.3,11.0,True,False
2620587757,778,2,65,0,Pass,Successful,36,64.8,9.5,55.3,7.5,True,False
2620587871,779,2,65,2,Pass,Successful,36,51.6,7.4,52.8,34.5,True,False
2620587923,780,2,65,9,Pass,Successful,36,53.9,16.3,38.8,31.5,True,False
2620587963,781,2,65,12,Pass,Successful,36,41.3,44.5,40.8,80.8,True,False
2620588011,782,2,65,15,Pass,Successful,36,43.0,82.5,53.3,93.5,True,False
2620588041,783,2,65,18,Pass,Successful,36,50.0,84.6,43.0,79.0,True,False
2620588087,784,2,65,19,Pass,Successful,36,43.0,79.0,55.5,92.6,True,False
2620588163,785,2,65,22,Pass,Successful,36,51.9,94.4,38.1,96.9,True,False
2620588185,786,2,65,25,Pass,Successful,36,35.0,93.1,34.7,81.6,True,False
2620588241,787,2,65,28,Pass,Successful,36,30.3,79.2,22.0,41.8,True,False
2620588293,788,2,65,30,Pass,Unsuccessful,36,20.5,38.0,37.2,15.0,True,False
2620588351,578,2,65,34,Pass,Unsuccessful,42,62.9,86.3,72.6,66.9,True,False
2620588387,790,2,65,36,Pass,Successful,36,28.9,39.6,34.9,31.5,True,False
2620588469,791,2,65,37,Pass,Successful,36,38.6,27.5,54.2,7.6,True,False
2620588525,792,2,65,42,Pass,Unsuccessful,36,58.6,9.0,86.4,58.2,True,True
2620588763,580,2,65,51,Pass,Successful,42,15.4,49.6,32.2,39.5,True,False
2620588855,581,2,65,54,Pass,Successful,42,31.3,36.3,14.0,27.7,True,False
2620588897,582,2,65,56,Pass,Successful,42,13.5,25.8,21.2,6.2,True,False
2620588947,583,2,65,58,Pass,Successful,42,19.4,7.9,3.1,31.2,True,False
2620588977,584,2,66,3,Pass,Successful,42,8.4,55.2,29.8,71.1,True,False
2620589025,585,2,66,5,Pass,Successful,42,29.8,71.1,11.9,82.7,True,False
2620589049,586,2,66,7,Pass,Successful,42,11.7,83.9,22.9,92.0,True,False
2620589067,587,2,66,9,Pass,Successful,42,19.9,88.6,20.2,81.2,True,False
2620589101,588,2,66,10,Pass,Successful,42,20.2,81.2,27.0,77.2,True,False
2620589107,589,2,66,11,Pass,Successful,42,27.2,77.3,26.1,86.9,True,False
2620589121,590,2,66,12,Pass,Successful,42,26.1,87.1,39.8,71.8,True,False
2620589137,591,2,66,13,Pass,Successful,42,39.8,71.8,33.8,74.8,True,False
2620589195,592,2,66,14,Pass,Successful,42,35.4,75.7,35.7,91.7,True,False
2620589305,593,2,66,16,Pass,Successful,42,36.6,90.8,31.9,32.2,True,True
2620589369,594,2,66,22,Pass,Successful,42,43.0,27.3,62.0,4.7,True,False
2620589441,595,2,66,24,Pass,Successful,42,62.8,6.1,68.0,21.2,True,False
2620589505,596,2,66,28,Pass,Successful,42,67.5,37.7,54.0,48.2,True,False
2620589613,597,2,66,30,Pass,Successful,42,54.6,53.4,69.8,91.8,True,False
2620589677,598,2,66,35,Pass,Successful,42,71.7,83.8,68.1,70.8,True,False
2620589695,599,2,66,38,Pass,Successful,42,68.6,66.1,73.0,61.5,True,False
2620589721,600,2,66,39,Pass,Successful,42,73.2,61.1,70.4,58.4,True,False
2620589739,601,2,66,39,Pass,Successful,42,70.4,56.4,66.3,50.4,True,False
2620589789,602,2,66,41,Pass,Successful,42,65.6,50.4,57.2,74.4,True,False
2620589849,603,2,66,43,Pass,Successful,42,57.6,75.0,72.9,94.7,True,False
2620589869,604,2,66,46,Pass,Successful,42,72.8,94.8,73.2,82.9,True,False
2620589891,605,2,66,47,Pass,Successful,42,73.2,82.9,80.3,93.5,True,False
2620589899,606,2,66,49,Pass,Unsuccessful,42,80.3,93.5,84.0,85.3,True,False
2620589933,794,2,66,50,Pass,Successful,36,19.9,15.4,29.9,16.8,True,True
2620589941,795,2,66,51,Pass,Successful,36,29.9,16.8,22.5,25.7,True,False
2620590011,796,2,66,53,Pass,Successful,36,22.5,25.7,28.3,32.2,True,False
2620590025,797,2,66,55,Pass,Successful,36,25.8,29.5,29.9,15.0,True,False
2620590049,798,2,66,56,Pass,Successful,36,29.9,15.0,20.5,26.2,True,False
2620590097,799,2,66,57,Pass,Successful,36,20.5,26.2,6.6,40.9,True,False
2620590161,800,2,67,0,Pass,Successful,36,6.6,40.9,13.3,68.7,True,False
2620590205,801,2,67,4,Pass,Successful,36,16.4,75.4,24.7,96.9,True,False
2620590233,802,2,67,7,Pass,Unsuccessful,36,23.5,85.4,34.4,73.6,True,False
2620590319,608,2,67,11,Pass,Successful,42,66.0,34.9,66.1,42.7,True,False
2620590365,609,2,67,12,Pass,Successful,42,66.1,43.1,58.5,25.9,True,False
2620590433,610,2,67,15,Pass,Successful,42,57.9,30.9,47.3,52.5,True,False
2620590475,611,2,67,19,Pass,Successful,42,54.6,50.3,64.4,39.7,True,False
2620590497,612,2,67,21,Pass,Successful,42,64.3,39.7,49.0,43.6,True,False
2620590601,613,2,67,23,Pass,Successful,42,53.0,41.6,62.8,11.6,True,False
2620590629,614,2,67,25,Pass,Successful,42,61.3,15.8,45.6,45.1,True,False
2620590757,615,2,67,30,Pass,Successful,42,45.6,48.4,56.6,90.0,True,False
2620590811,616,2,67,36,Pass,Successful,42,52.6,70.8,41.0,39.2,True,False
2620590877,617,2,67,39,Pass,Successful,42,43.1,37.4,56.3,9.1,True,False
2620590967,618,2,67,43,Pass,Successful,42,57.7,10.4,43.2,33.0,True,False
2620591027,619,2,67,47,Pass,Successful,42,46.3,44.2,46.4,57.2,True,False
2620591073,620,2,67,50,Pass,Successful,42,48.7,49.1,66.0,28.9,True,False
2620591093,621,2,67,53,Pass,Unsuccessful,42,67.0,29.8,77.2,42.1,True,True
2620591111,803,2,67,54,Pass,Successful,36,18.8,62.4,18.6,72.3,False,False
2620591161,622,2,67,56,Pass,Successful,42,87.3,28.6,86.7,33.7,True,False
2620591205,623,2,67,58,Pass,Successful,42,86.5,34.8,76.3,39.8,True,False
2620591213,624,2,68,0,Pass,Successful,42,76.8,37.7,78.8,25.3,True,False
2620591241,625,2,68,1,Pass,Successful,42,78.9,25.3,73.7,24.6,True,False
2620591287,626,2,68,2,Pass,Successful,42,74.1,24.6,90.9,69.4,True,True
2620591293,627,2,68,5,Pass,Unsuccessful,42,90.9,69.4,89.3,57.2,True,False
2620591353,805,2,68,7,Pass,Unsuccessful,36,9.9,39.8,30.5,21.0,True,False
2620591403,628,2,68,8,Pass,Successful,42,65.4,75.6,78.1,81.7,True,False
2620591473,629,2,68,13,Pass,Successful,42,77.3,79.9,91.0,27.6,True,True
2620591475,630,2,68,14,Pass,Unsuccessful,42,91.2,27.3,91.9,52.1,False,False
2620591543,809,2,68,19,Pass,Successful,36,20.3,52.8,26.4,40.7,False,False
2620591653,811,2,68,21,Pass,Successful,36,27.8,37.6,38.9,25.1,True,False
2620591689,812,2,68,27,Pass,Successful,36,77.2,27.1,72.0,55.3,True,False
2620591705,813,2,68,29,Pass,Successful,36,75.5,56.6,87.9,68.9,True,False
2620592313,816,2,69,14,Pass,Unsuccessful,36,99.5,99.5,94.5,46.3,True,True
2620592463,817,2,69,23,Pass,Successful,36,57.3,83.7,47.3,56.8,True,False
2620592483,818,2,69,25,Pass,Unsuccessful,36,47.3,56.8,75.8,72.5,True,True
2620592515,634,2,69,27,Pass,Successful,42,27.0,32.5,34.6,15.9,False,False
2620592581,636,2,69,30,Pass,Successful,42,34.3,15.0,42.5,10.1,True,False
2620592717,637,2,69,33,Pass,Unsuccessful,42,42.8,9.8,72.9,7.3,True,True
2620592751,820,2,69,37,Pass,Successful,36,19.1,93.7,34.1,92.8,True,False
2620592809,821,2,69,39,Pass,Successful,36,34.1,92.8,36.9,87.7,False,False
2620592885,639,2,69,46,Pass,Successful,42,80.6,15.6,89.1,7.3,True,False
2620592895,640,2,69,47,Pass,Successful,42,87.9,6.5,79.6,10.1,True,False
2620592929,641,2,69,49,Pass,Unsuccessful,42,78.5,12.3,71.7,46.9,True,False
2620593009,824,2,69,53,Pass,Successful,36,27.8,48.8,39.8,50.3,True,False
2620593165,825,2,69,54,Pass,Successful,36,39.8,50.3,55.0,6.9,True,False
2620593241,826,2,70,4,Pass,Successful,36,78.4,13.7,67.8,34.2,True,False
2620593255,827,2,70,8,Pass,Successful,36,69.9,32.4,69.9,14.9,True,False
2620593319,828,2,70,10,Pass,Successful,36,69.8,15.2,54.5,21.5,True,False
2620593381,829,2,70,14,Pass,Successful,36,53.4,23.0,47.7,41.4,True,False
2620593397,830,2,70,17,Pass,Successful,36,48.3,46.1,59.4,48.3,True,False
2620593503,831,2,70,18,Pass,Successful,36,59.4,48.3,46.7,70.5,True,False
2620593513,832,2,70,21,Pass,Successful,36,46.1,70.5,44.8,54.6,True,False
2620593529,833,2,70,22,Pass,Successful,36,44.8,54.6,52.2,58.8,True,False
2620593555,834,2,70,24,Pass,Successful,36,52.2,58.8,52.3,48.3,True,False
2620593573,835,2,70,25,Pass,Successful,36,52.3,48.3,57.3,47.9,True,False
2620593595,836,2,70,26,Pass,Successful,36,57.5,46.5,53.1,42.5,True,False
2620593625,837,2,70,27,Pass,Successful,36,53.1,42.5,60.6,27.1,True,False
2620593717,838,2,70,29,Pass,Unsuccessful,36,60.1,22.5,70.9,0.0,True,False
2620595007,647,2,71,45,Pass,Unsuccessful,42,29.0,100.0,61.7,89.0,True,False
2620595039,844,2,71,49,Pass,Successful,36,34.4,10.7,40.8,17.0,True,False
2620595063,845,2,71,50,Pass,Successful,36,40.8,17.0,56.7,8.5,True,False
2620595073,846,2,71,52,Pass,Successful,36,56.7,8.5,52.3,7.2,True,False
2620595091,847,2,71,53,Pass,Successful,36,52.3,7.2,62.2,2.9,True,False
2620595123,848,2,71,54,Pass,Successful,36,62.2,2.9,75.5,1.8,True,False
2620595153,849,2,71,56,Pass,Successful,36,75.5,1.8,65.1,3.6,True,False
2620595235,850,2,71,58,Pass,Successful,36,63.9,4.3,63.1,18.4,True,False
2620595287,851,2,72,0,Pass,Successful,36,63.1,18.4,70.6,6.9,True,False
2620595347,852,2,72,3,Pass,Successful,36,66.7,14.8,43.3,34.7,True,True
2620595373,853,2,72,6,Pass,Successful,36,43.0,32.4,55.3,38.5,True,False
2620595415,854,2,72,8,Pass,Successful,36,55.3,38.5,65.0,32.9,True,False
2620595451,855,2,72,10,Pass,Unsuccessful,36,65.0,30.2,81.2,28.2,True,False
2620595639,652,2,72,18,Pass,Unsuccessful,42,27.3,89.4,46.1,53.9,True,True
2620595665,857,2,72,20,Pass,Successful,36,51.9,48.1,61.7,44.5,True,False
2620595711,859,2,72,21,Pass,Successful,36,61.7,44.5,55.2,67.3,True,False
2620595769,860,2,72,23,Pass,Successful,36,53.3,63.5,36.4,57.7,True,False
2620595825,861,2,72,25,Pass,Successful,36,36.4,57.7,36.7,26.0,True,False
2620595913,862,2,72,30,Pass,Successful,36,33.9,23.7,47.0,23.5,True,False
2620595933,863,2,72,32,Pass,Successful,36,46.6,22.6,45.0,6.5,True,False
2620595969,864,2,72,34,Pass,Successful,36,45.0,6.5,55.3,2.5,True,False
2620595981,865,2,72,35,Pass,Successful,36,55.3,2.5,44.5,9.6,True,False
2620595989,866,2,72,35,Pass,Unsuccessful,36,44.5,9.6,44.7,13.9,True,False
2620596607,868,2,73,5,Pass,Successful,36,40.3,0.0,41.3,15.2,True,False
2620596943,871,2,73,13,Pass,Successful,36,46.3,14.3,34.9,71.6,True,False
2620596971,872,2,73,17,Pass,Successful,36,34.9,71.6,44.7,86.3,True,False
2620596981,873,2,73,20,Pass,Successful,36,44.7,86.3,42.2,73.1,True,False
2620597031,874,2,73,21,Pass,Unsuccessful,36,42.2,73.1,61.1,82.1,True,False
2620597181,660,2,73,25,Pass,Successful,42,35.4,17.9,29.5,3.7,True,False
2620597205,661,2,73,27,Pass,Unsuccessful,42,29.1,2.5,40.2,0.0,True,False
2620597481,876,2,73,40,Pass,Successful,36,55.8,100.0,54.5,90.8,True,False
2620597527,877,2,73,43,Pass,Unsuccessful,36,54.7,96.2,70.5,100.0,True,True
2620597751,664,2,73,52,Pass,Successful,42,30.2,0.0,35.1,6.8,True,False
2620597785,665,2,73,55,Pass,Unsuccessful,42,42.6,11.6,64.9,14.7,True,True
2620597841,879,2,73,56,Pass,Successful,36,29.4,86.6,36.6,95.5,False,False
2620597893,881,2,74,0,Pass,Successful,36,35.5,95.7,42.0,91.9,True,False
2620598059,882,2,74,1,Pass,Successful,36,42.0,91.9,48.1,72.0,True,False
2620598157,883,2,74,8,Pass,Successful,36,71.1,46.3,79.8,27.1,True,False
2620598199,884,2,74,12,Pass,Successful,36,82.5,28.9,81.5,47.7,True,False
2620598233,885,2,74,14,Pass,Successful,36,80.1,45.6,72.5,43.2,True,False
2620598325,886,2,74,16,Pass,Successful,36,72.5,43.2,73.4,61.1,True,False
2620598355,887,2,74,19,Pass,Successful,36,73.3,65.5,75.9,82.1,True,False
2620598451,888,2,74,21,Pass,Successful,36,75.9,82.1,92.8,83.9,True,False
2620598463,889,2,74,25,Pass,Unsuccessful,36,92.8,83.9,90.0,81.4,True,False
2620598615,669,2,74,28,Pass,Successful,42,6.6,3.1,22.4,4.0,True,False
2620599027,893,2,74,45,Pass,Successful,36,62.5,100.0,43.4,90.6,True,False
2620599037,894,2,74,47,Pass,Successful,36,43.4,90.6,39.1,72.7,True,False
2620599057,895,2,74,50,Pass,Successful,36,39.1,72.7,42.7,66.7,True,False
2620599097,896,2,74,51,Pass,Successful,36,42.7,66.7,37.2,84.8,True,False
2620599111,897,2,74,52,Pass,Unsuccessful,36,37.2,84.8,41.7,81.0,True,False
2620599199,674,2,74,56,Pass,Unsuccessful,42,46.5,8.9,36.7,28.6,True,False
2620599441,901,2,74,58,Pass,Successful,36,61.0,73.2,74.9,92.3,True,False
2620602185,676,2,76,25,Pass,Successful,42,50.2,49.9,39.7,20.4,True,False
2620602227,677,2,76,28,Pass,Successful,42,39.1,20.3,34.1,39.1,True,False
2620602473,678,2,76,36,Pass,Successful,42,33.3,41.8,36.3,66.6,True,False
2620602631,679,2,76,42,Pass,Successful,42,49.1,54.2,61.4,11.4,True,True
2620602779,906,2,76,47,Pass,Successful,36,39.5,95.5,45.8,87.2,True,False
2620602987,907,2,76,50,Pass,Successful,36,39.5,86.8,20.8,65.1,True,False
2620603133,908,2,76,57,Pass,Successful,36,25.2,69.1,37.4,83.9,True,False
2620603171,909,2,77,1,Pass,Successful,36,37.4,83.9,15.5,81.0,True,False
2620603199,910,2,77,2,Pass,Successful,36,15.5,81.0,2.7,65.3,True,False
2620603331,911,2,77,3,Pass,Unsuccessful,36,2.7,65.3,43.6,74.0,True,False
2620603437,682,2,77,7,Pass,Successful,42,57.5,28.6,66.6,33.1,False,False
2620603525,683,2,77,9,Pass,Successful,42,65.9,35.8,52.8,48.7,False,False
2620603603,685,2,77,13,Pass,Successful,42,52.0,49.9,65.9,69.7,True,False
2620603667,686,2,77,14,Pass,Unsuccessful,42,65.9,69.7,87.4,59.0,True,False
2620604417,914,2,77,33,Pass,Unsuccessful,36,14.2,49.1,54.3,49.1,True,True
2620604621,688,2,77,39,Pass,Successful,42,29.5,50.6,32.0,37.9,False,False
2620604673,690,2,77,42,Pass,Successful,42,32.3,40.4,37.2,50.3,True,False
2620604855,691,2,77,43,Pass,Successful,42,36.0,52.8,43.5,73.8,True,False
2620604941,692,2,77,47,Pass,Successful,42,58.3,89.6,70.0,92.1,True,False
2620605021,693,2,77,49,Pass,Successful,42,70.7,91.5,72.8,74.1,True,False
2620605045,694,2,77,50,Pass,Successful,42,73.3,73.8,69.8,83.5,True,False
2620605195,918,2,77,55,Pass,Successful,36,33.9,32.9,29.7,41.2,True,False
2620605239,695,2,77,51,Pass,Successful,42,69.5,83.9,68.6,55.2,True,False
2620605313,919,2,77,56,Pass,Successful,36,29.7,41.2,31.9,13.4,True,False
2620605461,920,2,77,58,Pass,Successful,36,31.9,13.4,23.6,25.5,True,False
2620605543,921,2,78,3,Pass,Successful,36,27.2,37.6,34.4,32.4,True,False
2620605593,922,2,78,5,Pass,Successful,36,34.4,32.4,29.2,43.4,True,False
2620605687,923,2,78,6,Pass,Successful,36,30.5,51.0,29.9,76.5,True,False
2620605899,924,2,78,8,Pass,Successful,36,29.9,76.5,23.8,62.9,True,False
2620605999,925,2,78,13,Pass,Successful,36,23.1,57.9,24.2,79.0,True,False
2620606151,926,2,78,15,Pass,Successful,36,24.2,79.0,35.2,74.9,True,False
2620606205,927,2,78,18,Pass,Successful,36,27.7,67.6,25.3,56.2,True,False
2620606279,928,2,78,19,Pass,Successful,36,25.3,56.2,13.9,71.4,True,False
2620606503,929,2,78,21,Pass,Successful,36,14.7,72.5,31.7,74.9,True,False
2620606545,930,2,78,24,Pass,Successful,36,31.7,74.9,30.2,37.6,True,True
2620606589,931,2,78,25,Pass,Successful,36,30.9,35.1,44.7,31.1,True,False
2620606797,932,2,78,28,Pass,Successful,36,47.0,26.2,58.6,4.7,True,False
2620606963,933,2,78,31,Pass,Successful,36,70.3,14.8,70.6,35.8,True,False
2620606979,934,2,78,33,Pass,Unsuccessful,36,70.1,37.5,72.2,38.2,True,False
2620607231,700,2,78,38,Pass,Successful,42,27.6,68.1,25.1,23.4,True,False
2620607605,701,2,78,42,Pass,Successful,42,25.1,20.7,37.7,5.9,True,False
2620607701,702,2,78,51,Pass,Successful,42,54.3,13.7,44.7,28.5,True,False
2620608083,703,2,78,53,Pass,Successful,42,46.2,31.5,42.2,50.6,True,False
2620608219,704,2,78,57,Pass,Successful,42,43.9,56.4,57.7,61.2,True,False
2620608261,705,2,78,58,Pass,Successful,42,57.4,60.5,43.9,54.9,True,False
2620608343,706,2,79,1,Pass,Successful,42,43.6,54.8,28.0,50.1,True,False
2620608421,707,2,79,4,Pass,Successful,42,28.7,50.4,38.6,75.0,True,False
2620608477,708,2,79,8,Pass,Successful,42,38.6,75.0,54.4,77.3,True,False
2620608503,709,2,79,9,Pass,Successful,42,54.5,77.3,37.8,72.9,True,False
2620608791,710,2,79,13,Pass,Successful,42,34.9,57.9,30.3,41.2,True,False
2620608973,711,2,79,16,Pass,Successful,42,29.9,44.1,37.3,84.9,True,False
2620609065,712,2,79,22,Pass,Successful,42,35.8,72.1,26.5,66.0,True,False
2620609185,713,2,79,23,Pass,Successful,42,26.5,66.0,27.5,42.7,True,False
2620609723,714,2,79,29,Pass,Successful,42,30.2,49.3,30.3,80.5,True,False
2620609855,715,2,79,37,Pass,Successful,42,35.6,42.1,32.9,14.6,True,False
2620609987,716,2,79,40,Pass,Successful,42,32.6,16.5,23.9,34.2,True,False
2620611659,718,2,80,17,Pass,Successful,42,28.8,28.0,26.9,51.8,True,False
2620611753,719,2,80,19,Pass,Successful,42,27.0,52.1,26.6,76.0,True,False
2620611853,720,2,80,22,Pass,Successful,42,27.8,77.6,39.8,77.2,True,False
2620612011,938,2,80,27,Pass,Successful,36,54.2,25.7,59.5,13.7,True,False
2620612137,940,2,80,30,Pass,Unsuccessful,36,74.5,15.2,78.6,27.7,True,False
2620612293,724,2,80,32,Pass,Successful,42,27.3,75.7,29.6,65.4,True,False
2620612321,725,2,80,34,Pass,Unsuccessful,42,30.0,64.0,30.8,63.1,True,False
2620612649,726,2,80,38,Pass,Successful,42,31.6,48.7,39.7,16.8,True,False
2620612745,727,2,80,42,Pass,Successful,42,43.7,13.1,57.2,5.0,True,False
2620612991,728,2,80,44,Pass,Successful,42,56.0,13.2,53.0,25.3,True,False
2620613047,729,2,80,49,Pass,Successful,42,60.0,14.9,72.2,30.9,True,False
2620613111,730,2,80,50,Pass,Successful,42,73.1,30.6,68.3,36.9,True,False
2620613253,731,2,80,52,Pass,Unsuccessful,42,71.5,35.3,92.2,36.7,True,False
2620613539,945,2,80,58,Pass,Successful,36,9.4,58.2,23.0,86.6,True,False
2620613787,946,2,81,2,Pass,Successful,36,22.0,91.0,6.1,75.8,True,False
2620613917,947,2,81,6,Pass,Successful,36,5.5,66.0,13.5,83.2,True,False
2620614097,948,2,81,9,Pass,Successful,36,11.4,84.3,28.9,61.1,True,True
2620614149,949,2,81,13,Pass,Successful,36,28.9,61.1,33.3,69.8,False,False
2620614363,734,2,81,17,Pass,Successful,42,69.4,41.2,76.8,56.6,True,False
2620614391,735,2,81,18,Pass,Unsuccessful,42,75.6,50.0,76.1,48.8,True,False
2620614893,953,2,81,21,Pass,Successful,36,27.5,41.2,33.9,17.9,True,False
2620615023,954,2,81,29,Pass,Successful,36,67.3,20.6,87.5,69.1,True,True
2620615111,955,2,81,32,Pass,Successful,36,87.5,69.1,77.6,62.4,True,False
2620618519,740,2,82,42,Pass,Successful,42,15.6,36.7,67.7,51.2,True,False
2620618557,741,2,82,45,Pass,Unsuccessful,42,68.3,51.2,71.9,61.4,False,False
2620618641,960,2,82,47,Pass,Successful,36,28.5,42.3,36.6,38.9,True,True
2620618711,961,2,82,49,Pass,Successful,36,36.7,38.9,24.9,23.3,False,False
2620618839,963,2,82,50,Pass,Successful,36,24.7,24.4,31.9,38.7,True,False
2620618869,964,2,82,53,Pass,Unsuccessful,36,31.9,38.7,35.2,41.4,True,False
2620619417,966,2,83,1,Pass,Successful,36,34.4,37.6,39.5,40.3,True,False
2620619541,967,2,83,3,Pass,Successful,36,39.5,40.0,27.4,46.8,True,False
2620619585,968,2,83,5,Pass,Successful,36,27.4,46.8,28.3,67.1,True,False
2620619613,969,2,83,6,Pass,Successful,36,28.3,67.1,30.5,56.8,True,False
2620619661,970,2,83,7,Pass,Unsuccessful,36,30.5,56.8,40.8,67.6,True,False
2620619859,744,2,83,12,Pass,Successful,42,59.8,28.6,57.9,12.8,True,False
2620620117,745,2,83,14,Pass,Successful,42,54.9,13.1,34.0,36.6,True,False
2620620155,746,2,83,17,Pass,Successful,42,32.4,40.4,34.6,58.5,True,False
2620620315,747,2,83,20,Pass,Successful,42,34.5,58.5,32.3,36.7,True,False
2620620459,748,2,83,22,Pass,Successful,42,34.1,33.0,44.2,5.6,True,False
2620620567,749,2,83,26,Pass,Successful,42,41.5,10.6,24.6,25.9,True,False
2620620797,750,2,83,28,Pass,Successful,42,22.1,27.7,14.1,58.8,True,False
2620620915,751,2,83,33,Pass,Successful,42,20.7,65.8,45.5,61.5,True,True
2620620935,752,2,83,34,Pass,Unsuccessful,42,45.4,61.4,39.1,60.2,True,False
2620621043,971,2,83,35,Pass,Successful,36,56.1,35.1,44.5,44.1,True,False
2620621181,973,2,83,37,Pass,Successful,36,44.5,44.1,51.4,57.5,True,False
2620621423,974,2,83,39,Pass,Successful,36,52.7,62.2,40.9,76.5,True,False
2620621471,975,2,83,43,Pass,Successful,36,40.9,76.5,31.7,64.0,True,False
2620621495,976,2,83,44,Pass,Successful,36,31.7,64.0,38.8,70.5,True,False
2620621573,977,2,83,45,Pass,Successful,36,38.8,70.5,29.9,47.2,True,False
2620621647,978,2,83,47,Pass,Successful,36,33.1,46.8,34.4,60.0,True,False
2620621707,979,2,83,48,Pass,Successful,36,34.4,60.0,40.2,48.3,True,False
2620622071,756,2,83,52,Pass,Successful,42,72.2,49.7,79.2,30.3,True,False
2620623745,982,2,84,28,Pass,Successful,36,15.3,0.0,23.5,4.5,True,False
2620623787,983,2,84,30,Pass,Successful,36,23.5,4.5,25.6,1.8,True,False
2620624377,986,2,84,45,Pass,Successful,36,28.3,0.0,35.3,6.7,True,False
2620624435,987,2,84,45,Pass,Unsuccessful,36,35.3,6.7,39.8,3.4,True,False
2620624527,762,2,84,47,Pass,Unsuccessful,42,55.4,95.6,62.9,89.7,True,False
2620624575,989,2,84,49,Pass,Unsuccessful,36,34.2,7.8,37.8,8.3,True,False
2620624635,990,2,84,50,Pass,Unsuccessful,36,34.7,8.5,36.9,19.7,True,False
2620624725,765,2,84,52,Pass,Successful,42,65.1,71.8,73.2,76.4,True,False
2620624753,766,2,84,53,Pass,Successful,42,73.4,76.4,68.5,70.6,True,False
2620624851,992,2,84,55,Pass,Successful,36,34.5,42.3,28.0,40.9,True,False
2620624941,994,2,84,56,Pass,Successful,36,27.7,48.1,23.6,60.0,True,False
2620625165,995,2,85,0,Pass,Successful,36,26.6,64.4,44.2,94.6,True,True
2620625415,996,2,85,6,Pass,Successful,36,67.3,95.1,61.2,89.3,True,False
2620625461,997,2,85,9,Pass,Successful,36,61.2,89.3,70.3,84.3,True,False
2620625523,998,2,85,10,Pass,Successful,36,70.3,84.3,47.5,81.6,True,False
2620625875,999,2,85,11,Pass,Successful,36,47.5,81.6,46.9,33.3,True,False
2620625943,1000,2,85,17,Pass,Successful,36,45.8,26.4,56.2,16.8,True,False
2620625997,1001,2,85,19,Pass,Successful,36,56.2,16.8,42.8,17.7,True,False
2620626069,1002,2,85,21,Pass,Unsuccessful,36,42.8,17.7,46.7,28.2,True,False
2620626321,769,2,85,26,Pass,Successful,42,75.2,65.8,91.2,78.3,True,False
2620626531,770,2,85,28,Pass,Unsuccessful,42,91.6,77.9,99.0,0.0,True,False
2620627553,1004,2,85,52,Pass,Successful,36,3.3,100.0,2.7,91.9,True,False
2620627593,1005,2,85,53,Pass,Unsuccessful,36,1.8,90.5,2.4,97.7,True,False
2620627865,1007,2,86,2,Pass,Successful,36,8.8,100.0,12.1,92.2,True,False
2620627925,1008,2,86,4,Pass,Successful,36,12.1,92.2,3.9,90.8,True,False
2620627993,1009,2,86,4,Pass,Successful,36,3.9,90.8,23.9,79.6,True,False
2620628181,1010,2,86,6,Pass,Unsuccessful,36,23.5,79.1,34.0,100.0,False,False
2620628805,776,2,86,20,Pass,Successful,42,75.2,0.0,80.5,12.3,True,False
2620628893,777,2,86,21,Pass,Successful,42,79.8,12.5,72.9,6.4,True,False
2620629027,778,2,86,24,Pass,Successful,42,70.4,9.2,56.5,33.9,True,False
2620629155,779,2,86,28,Pass,Successful,42,55.8,48.4,65.1,92.3,True,False
2620629219,780,2,86,30,Pass,Successful,42,65.7,91.5,65.8,71.8,True,False
2620629425,781,2,86,31,Pass,Successful,42,66.2,71.5,94.7,80.6,True,False
2620629551,782,2,86,36,Pass,Successful,42,92.8,81.8,89.6,46.3,True,True
2620629633,784,2,86,39,Pass,Successful,42,88.6,45.5,89.6,48.5,False,False
2620629643,785,2,86,40,Pass,Successful,42,89.9,50.7,85.5,50.1,True,False
2620629745,786,2,86,42,Pass,Unsuccessful,42,84.5,49.6,82.3,49.1,True,False
2620629923,1014,2,86,42,Pass,Successful,36,20.0,49.7,23.3,62.4,True,False
2620629981,1015,2,86,43,Pass,Successful,36,23.3,62.4,26.7,39.2,True,False
2620630331,1016,2,86,46,Pass,Successful,36,36.3,40.0,64.8,92.2,True,False
2620631263,790,2,87,13,Pass,Successful,42,15.2,40.0,28.5,22.1,True,False
2620631309,791,2,87,16,Pass,Successful,42,34.4,21.6,37.6,30.1,True,False
2620631547,792,2,87,17,Pass,Successful,42,38.2,29.5,34.2,14.0,True,False
2620631691,793,2,87,20,Pass,Unsuccessful,42,38.3,14.4,86.1,34.9,True,True
2620632019,1021,2,87,25,Pass,Successful,36,12.8,66.9,28.6,58.4,True,False
2620632073,1022,2,87,31,Pass,Successful,36,37.2,51.7,47.5,52.1,True,False
2620632133,1023,2,87,32,Pass,Successful,36,47.5,52.1,40.0,51.9,True,False
2620632201,1024,2,87,33,Pass,Successful,36,40.0,51.9,47.8,54.8,True,False
2620632307,1025,2,87,34,Pass,Successful,36,47.8,54.4,34.2,29.3,True,False
2620632397,1026,2,87,37,Pass,Successful,36,34.2,29.3,43.9,5.2,True,False
2620632443,1027,2,87,39,Pass,Successful,36,43.9,5.2,35.5,13.7,True,False
2620632665,1028,2,87,40,Pass,Successful,36,35.5,13.7,39.7,28.2,True,False
2620632693,1029,2,87,44,Pass,Successful,36,39.7,27.5,41.7,37.1,True,False
2620632751,1030,2,87,45,Pass,Successful,36,41.7,37.1,31.4,12.8,True,False
2620632917,1031,2,87,46,Pass,Successful,36,31.4,12.8,11.1,44.3,True,False
2620633057,1032,2,87,51,Pass,Unsuccessful,36,12.4,49.7,47.8,55.9,True,False
2620633149,794,2,87,54,Pass,Successful,42,54.0,42.5,64.7,56.1,False,False
2620633347,796,2,87,56,Pass,Successful,42,68.0,50.1,78.3,53.1,True,False
2620633629,797,2,87,59,Pass,Successful,42,75.2,43.9,80.4,19.1,True,False
2620633783,798,2,88,5,Pass,Successful,42,82.3,34.5,92.7,24.2,True,False
2620633889,799,2,88,7,Pass,Unsuccessful,42,95.0,25.5,95.7,61.8,True,True
2620636375,1040,2,89,3,Pass,Successful,36,15.2,9.0,4.2,12.5,True,False
2620636519,1042,2,89,4,Pass,Unsuccessful,36,4.2,12.5,40.3,0.0,True,False
2620636903,802,2,89,11,Pass,Successful,42,55.8,100.0,42.0,78.4,True,False
2620637111,803,2,89,15,Pass,Successful,42,40.7,70.8,48.8,56.6,True,False
2620637289,804,2,89,17,Pass,Unsuccessful,42,46.5,55.2,86.5,0.0,True,True
2620638019,1045,2,89,39,Pass,Successful,36,15.0,100.0,13.6,91.5,True,False
2620638117,1046,2,89,41,Pass,Unsuccessful,36,13.3,89.7,39.7,61.7,True,False
2620638295,806,2,89,44,Pass,Successful,42,60.5,40.1,70.4,60.8,False,False
2620638485,808,2,89,47,Pass,Unsuccessful,42,70.5,60.3,75.3,42.1,True,True
2620638771,1049,2,89,54,Pass,Successful,36,11.7,62.0,6.0,71.1,True,False
2620638789,1050,2,89,55,Pass,Unsuccessful,36,6.0,71.1,33.4,88.6,True,False
2620639135,810,2,89,57,Pass,Successful,42,69.1,16.8,62.9,34.0,True,False
2620639313,811,2,90,4,Pass,Successful,42,54.9,39.2,64.6,11.6,True,False
2620639395,812,2,90,7,Pass,Successful,42,63.2,10.7,75.1,4.1,True,False
2620639459,813,2,90,8,Pass,Successful,42,76.1,4.7,81.2,14.6,True,False
2620639497,814,2,90,9,Pass,Successful,42,81.5,15.2,76.7,15.0,True,False
2620639523,815,2,90,10,Pass,Unsuccessful,42,76.5,15.3,77.5,15.9,True,False
2620639965,1054,2,90,20,Pass,Unsuccessful,36,24.5,52.8,33.4,67.3,False,False
2620640121,816,2,90,13,Pass,Successful,42,89.7,28.5,81.5,38.0,True,False
2620640307,1055,2,90,25,Pass,Successful,36,30.2,72.7,32.4,93.3,True,False
2620640443,1057,2,90,27,Pass,Unsuccessful,36,35.5,93.9,69.2,56.8,True,True
2620640587,818,2,90,32,Pass,Unsuccessful,42,30.0,49.7,30.8,74.4,False,False
2620640869,1058,2,90,39,Pass,Successful,36,85.9,37.4,79.8,48.3,True,False
2620640925,1059,2,90,40,Pass,Successful,36,79.8,48.3,74.7,32.4,True,False
2620640973,1060,2,90,42,Pass,Successful,36,74.7,32.4,77.0,51.7,True,False
2620641293,1061,2,90,43,Pass,Successful,36,77.0,51.9,84.5,60.4,True,False
2620641409,1062,2,90,50,Pass,Successful,36,73.3,89.0,62.3,89.3,True,False
2620641551,1063,2,90,52,Pass,Successful,36,62.4,89.6,51.9,74.0,True,False
2620641681,1064,2,90,55,Pass,Successful,36,49.8,72.9,46.1,57.0,True,False
2620641765,1065,2,90,58,Pass,Successful,36,55.0,77.0,52.8,91.0,True,False
2620641907,1066,2,91,0,Pass,Successful,36,52.8,91.0,39.5,74.7,True,False
2620642023,1067,2,91,3,Pass,Successful,36,39.5,74.7,36.1,54.4,True,False
2620642151,1068,2,91,5,Pass,Successful,36,36.1,54.4,45.9,48.5,True,False
2620642251,1069,2,91,7,Pass,Successful,36,45.5,47.2,33.8,33.6,True,False
2620642493,1070,2,91,12,Pass,Successful,36,34.4,28.6,42.7,2.2,True,False
2620642747,1071,2,91,14,Pass,Successful,36,42.7,2.2,58.1,19.5,True,False
2620642871,1072,2,91,19,Pass,Successful,36,70.8,49.4,89.8,65.1,True,False
2620643219,1074,2,91,28,Pass,Successful,36,72.6,77.2,70.5,63.8,True,False
2620643377,1075,2,91,31,Pass,Successful,36,70.6,49.0,69.1,14.6,True,False
2620643431,1076,2,91,34,Pass,Unsuccessful,36,73.0,33.6,88.7,43.4,True,False
2620643585,1078,2,91,38,Pass,Unsuccessful,36,67.0,33.8,67.6,41.8,True,False
2620644057,826,2,91,46,Pass,Successful,42,27.4,62.1,22.2,61.7,True,False
2620644255,827,2,91,48,Pass,Successful,42,21.7,62.0,37.8,86.0,True,True
2620644331,828,2,91,49,Pass,Unsuccessful,42,37.4,82.1,56.3,51.6,True,False
2620644367,1080,2,91,51,Pass,Unsuccessful,36,43.8,52.1,57.3,70.2,False,False
2620644559,829,2,91,53,Pass,Successful,42,42.4,34.2,68.9,9.7,True,False
2620644963,830,2,92,3,Pass,Successful,42,79.2,26.2,66.4,32.8,True,False
2620645093,831,2,92,7,Pass,Successful,42,70.3,37.4,71.1,85.0,True,False
2620645151,832,2,92,10,Pass,Successful,42,71.2,85.3,81.2,85.7,True,False
2620645311,833,2,92,11,Pass,Successful,42,81.3,85.1,79.8,70.8,True,False
2620645335,834,2,92,12,Pass,Unsuccessful,42,77.4,72.3,77.5,57.7,True,False
2620645773,1082,2,92,19,Pass,Successful,36,54.7,27.5,68.7,13.7,True,False
2620646889,836,2,92,41,Pass,Unsuccessful,42,15.2,53.3,64.7,45.7,True,False
2620654809,843,2,90,19,Pass,Unsuccessful,42,66.2,30.7,75.5,40.7,True,True
2620659071,844,2,89,0,Pass,Successful,42,85.6,100.0,97.0,96.0,True,False
2620659587,845,2,89,1,Pass,Unsuccessful,42,96.6,96.2,81.9,94.7,True,False
2620671631,846,2,57,24,Pass,Successful,42,74.6,80.3,72.0,71.7,True,False
